Unity Editor version:    2021.3.35f1 (157b46ce122a)
Branch:                  2021.3/staging
Build type:              Release
Batch mode:              YES
macOS version:           Version 15.4.1 (Build 24E263)
Darwin version:          24.4.0
Architecture:            x86_64
Running under Rosetta:   NO
Available memory:        32768 MB
Using pre-set license
Pro License: YES

COMMAND LINE ARGUMENTS:
/Applications/Unity/Hub/Editor/2021.3.35f1/Unity.app/Contents/MacOS/Unity
-adb2
-batchMode
-noUpm
-name
AssetImportWorker1
-projectPath
/Users/narabikkina/Documents/Ich/Tatar party/Сабантуй/baursak-ar
-logFile
Logs/AssetImportWorker1.log
-srvPort
52152
Successfully changed project path to: /Users/narabikkina/Documents/Ich/Tatar party/Сабантуй/baursak-ar
/Users/narabikkina/Documents/Ich/Tatar party/Сабантуй/baursak-ar
[UnityMemory] Configuration Parameters - Can be set up in boot.config
    "memorysetup-bucket-allocator-granularity=16"
    "memorysetup-bucket-allocator-bucket-count=8"
    "memorysetup-bucket-allocator-block-size=33554432"
    "memorysetup-bucket-allocator-block-count=8"
    "memorysetup-main-allocator-block-size=16777216"
    "memorysetup-thread-allocator-block-size=16777216"
    "memorysetup-gfx-main-allocator-block-size=16777216"
    "memorysetup-gfx-thread-allocator-block-size=16777216"
    "memorysetup-cache-allocator-block-size=4194304"
    "memorysetup-typetree-allocator-block-size=2097152"
    "memorysetup-profiler-bucket-allocator-granularity=16"
    "memorysetup-profiler-bucket-allocator-bucket-count=8"
    "memorysetup-profiler-bucket-allocator-block-size=33554432"
    "memorysetup-profiler-bucket-allocator-block-count=8"
    "memorysetup-profiler-allocator-block-size=16777216"
    "memorysetup-profiler-editor-allocator-block-size=1048576"
    "memorysetup-temp-allocator-size-main=16777216"
    "memorysetup-job-temp-allocator-block-size=2097152"
    "memorysetup-job-temp-allocator-block-size-background=1048576"
    "memorysetup-job-temp-allocator-reduction-small-platforms=262144"
    "memorysetup-temp-allocator-size-background-worker=32768"
    "memorysetup-temp-allocator-size-job-worker=262144"
    "memorysetup-temp-allocator-size-preload-manager=33554432"
    "memorysetup-temp-allocator-size-nav-mesh-worker=65536"
    "memorysetup-temp-allocator-size-audio-worker=65536"
    "memorysetup-temp-allocator-size-cloud-worker=32768"
    "memorysetup-temp-allocator-size-gi-baking-worker=262144"
    "memorysetup-temp-allocator-size-gfx=262144"
Player connection [140704363748288] Host "[IP] 192.168.0.108 [Port] 0 [Flags] 2 [Guid] 3730298609 [EditorId] 3730298609 [Version] 1048832 [Id] OSXEditor(0,MacBook-Pro.local) [Debug] 1 [PackageName] OSXEditor [ProjectName] Editor" joined multi-casting on [225.0.0.222:54997]...

Player connection [140704363748288] Host "[IP] 192.168.0.108 [Port] 0 [Flags] 2 [Guid] 3730298609 [EditorId] 3730298609 [Version] 1048832 [Id] OSXEditor(0,MacBook-Pro.local) [Debug] 1 [PackageName] OSXEditor [ProjectName] Editor" joined alternative multi-casting on [225.0.0.222:34997]...

[Physics::Module] Initialized MultithreadedJobDispatcher with {0} workers.
Refreshing native plugins compatible for Editor in 128.88 ms, found 4 plugins.
Preloading 1 native plugins for Editor in 3.08 ms.
Initialize engine version: 2021.3.35f1 (157b46ce122a)
[Subsystems] Discovering subsystems at path /Applications/Unity/Hub/Editor/2021.3.35f1/Unity.app/Contents/Resources/UnitySubsystems
[Subsystems] Discovering subsystems at path /Users/narabikkina/Documents/Ich/Tatar party/Сабантуй/baursak-ar/Assets
GfxDevice: creating device client; threaded=0; jobified=0
Color LCD preferred device: Intel(R) Iris(TM) Plus Graphics (low power)
Metal devices available: 1
0: Intel(R) Iris(TM) Plus Graphics (low power)
Using device Intel(R) Iris(TM) Plus Graphics (low power)
Initializing Metal device caps: Intel(R) Iris(TM) Plus Graphics
Initialize mono
Mono path[0] = '/Applications/Unity/Hub/Editor/2021.3.35f1/Unity.app/Contents/Managed'
Mono path[1] = '/Applications/Unity/Hub/Editor/2021.3.35f1/Unity.app/Contents/MonoBleedingEdge/lib/mono/unityjit-macos'
Mono config path = '/Applications/Unity/Hub/Editor/2021.3.35f1/Unity.app/Contents/MonoBleedingEdge/etc'
Using monoOptions --debugger-agent=transport=dt_socket,embedding=1,server=y,suspend=n,address=127.0.0.1:56899
Begin MonoManager ReloadAssembly
Registering precompiled unity dll's ...
Register platform support module: /Applications/Unity/Hub/Editor/2021.3.35f1/PlaybackEngines/WebGLSupport/UnityEditor.WebGL.Extensions.dll
Register platform support module: /Applications/Unity/Hub/Editor/2021.3.35f1/Unity.app/Contents/PlaybackEngines/MacStandaloneSupport/UnityEditor.OSXStandalone.Extensions.dll
Registered in 0.003236 seconds.
Native extension for OSXStandalone target not found
Native extension for WebGL target not found
Refreshing native plugins compatible for Editor in 118.94 ms, found 4 plugins.
Preloading 1 native plugins for Editor in 0.58 ms.
Mono: successfully reloaded assembly
- Completed reload, in  1.165 seconds
Domain Reload Profiling:
	ReloadAssembly (1166ms)
		BeginReloadAssembly (146ms)
			ExecutionOrderSort (0ms)
			DisableScriptedObjects (0ms)
			BackupInstance (0ms)
			ReleaseScriptingObjects (0ms)
			CreateAndSetChildDomain (1ms)
		EndReloadAssembly (860ms)
			LoadAssemblies (148ms)
			RebuildTransferFunctionScriptingTraits (0ms)
			SetupTypeCache (211ms)
			ReleaseScriptCaches (0ms)
			RebuildScriptCaches (49ms)
			SetupLoadedEditorAssemblies (523ms)
				LogAssemblyErrors (0ms)
				InitializePlatformSupportModulesInManaged (12ms)
				SetLoadedEditorAssemblies (1ms)
				RefreshPlugins (120ms)
				BeforeProcessingInitializeOnLoad (2ms)
				ProcessInitializeOnLoadAttributes (307ms)
				ProcessInitializeOnLoadMethodAttributes (81ms)
				AfterProcessingInitializeOnLoad (0ms)
				EditorAssembliesLoaded (0ms)
			ExecutionOrderSort2 (0ms)
			AwakeInstancesAfterBackupRestoration (0ms)
Platform modules already initialized, skipping
Registering precompiled user dll's ...
Registered in 0.004788 seconds.
Begin MonoManager ReloadAssembly
Native extension for OSXStandalone target not found
Native extension for WebGL target not found
Refreshing native plugins compatible for Editor in 0.72 ms, found 4 plugins.
Preloading 1 native plugins for Editor in 0.54 ms.
System.NullReferenceException: Object reference not set to an instance of an object
  at Zappar.Editor.ZapparUARSettingsProvider.GetOrCreateSettings () [0x00016] in /Users/narabikkina/Documents/Ich/Tatar party/Сабантуй/baursak-ar/Library/PackageCache/com.zappar.uar@1c682ec0d1/Editor/ZapparUARSettingsProvider.cs:141 
  at Zappar.Editor.PackageImportSettings.RefreshPackage () [0x00036] in /Users/narabikkina/Documents/Ich/Tatar party/Сабантуй/baursak-ar/Library/PackageCache/com.zappar.uar@1c682ec0d1/Editor/PackageImportSettings.cs:31 
  at Zappar.Editor.PackageImportSettings..cctor () [0x00000] in /Users/narabikkina/Documents/Ich/Tatar party/Сабантуй/baursak-ar/Library/PackageCache/com.zappar.uar@1c682ec0d1/Editor/PackageImportSettings.cs:13 
UnityEngine.StackTraceUtility:ExtractStackTrace () (at /Users/bokken/build/output/unity/unity/Runtime/Export/Scripting/StackTrace.cs:37)
UnityEngine.DebugLogHandler:LogFormat (UnityEngine.LogType,UnityEngine.Object,string,object[])
UnityEngine.Logger:Log (UnityEngine.LogType,object)
UnityEngine.Debug:LogError (object)
UnityEditor.EditorAssemblies:ProcessInitializeOnLoadAttributes (System.Type[]) (at /Users/bokken/build/output/unity/unity/Editor/Mono/EditorAssemblies.cs:134)

(Filename: /Users/bokken/build/output/unity/unity/Editor/Mono/EditorAssemblies.cs Line: 134)

Package Manager log level set to [2]
[Package Manager] Server::EnsureServerProcessIsRunning -- launch failed, reason: Unity was launched with the -noUpm command-line argument
[Package Manager] Cannot connect to Unity Package Manager local server
Mono: successfully reloaded assembly
- Completed reload, in  1.867 seconds
Domain Reload Profiling:
	ReloadAssembly (1869ms)
		BeginReloadAssembly (223ms)
			ExecutionOrderSort (0ms)
			DisableScriptedObjects (11ms)
			BackupInstance (0ms)
			ReleaseScriptingObjects (0ms)
			CreateAndSetChildDomain (41ms)
		EndReloadAssembly (1430ms)
			LoadAssemblies (156ms)
			RebuildTransferFunctionScriptingTraits (0ms)
			SetupTypeCache (477ms)
			ReleaseScriptCaches (1ms)
			RebuildScriptCaches (85ms)
			SetupLoadedEditorAssemblies (694ms)
				LogAssemblyErrors (0ms)
				InitializePlatformSupportModulesInManaged (9ms)
				SetLoadedEditorAssemblies (1ms)
				RefreshPlugins (1ms)
				BeforeProcessingInitializeOnLoad (121ms)
				ProcessInitializeOnLoadAttributes (532ms)
				ProcessInitializeOnLoadMethodAttributes (29ms)
				AfterProcessingInitializeOnLoad (2ms)
				EditorAssembliesLoaded (0ms)
			ExecutionOrderSort2 (0ms)
			AwakeInstancesAfterBackupRestoration (6ms)
Platform modules already initialized, skipping
========================================================================
Worker process is ready to serve import requests
Launching external process: /Applications/Unity/Hub/Editor/2021.3.35f1/Unity.app/Contents/Tools/UnityShaderCompiler
Launched and connected shader compiler UnityShaderCompiler after 0.10 seconds
Refreshing native plugins compatible for Editor in 0.71 ms, found 4 plugins.
Preloading 1 native plugins for Editor in 0.51 ms.
Unloading 3135 Unused Serialized files (Serialized files now loaded: 0)
Unloading 41 unused Assets / (168.2 KB). Loaded Objects now: 3577.
Memory consumption went from 106.8 MB to 106.6 MB.
Total: 4.008726 ms (FindLiveObjects: 0.266520 ms CreateObjectMapping: 0.162467 ms MarkObjects: 3.460713 ms  DeleteObjects: 0.117984 ms)

AssetImportParameters requested are different than current active one (requested -> active):
  custom:video-decoder-ogg-theora: a1e56fd34408186e4bbccfd4996cb3dc -> 
  custom:container-muxer-webm: aa71ff27fc2769a1b78a27578f13a17b -> 
  custom:container-demuxer-webm: 4f35f7cbe854078d1ac9338744f61a02 -> 
  custom:video-encoder-webm-vp8: eb34c28f22e8b96e1ab97ce403110664 -> 
  custom:framework-osx-AVFoundation: e770b220cccbd017edd2c1fefb359320 -> 
  custom:CustomObjectIndexerAttribute: bc11b3a6c3213fcdd17b65e7da85e133 -> 
  custom:audio-encoder-webm-vorbis: bf7c407c2cedff20999df2af8eb42d56 -> 
  custom:SearchIndexIgnoredProperties: e643bd26f0fe6173181afceb89e7c659 -> 
  custom:container-demuxer-ogg: 62fdf1f143b41e24485cea50d1cbac27 -> 
  custom:video-decoder-webm-vp8: 9c59270c3fd7afecdb556c50c9e8de78 -> 
  custom:audio-decoder-ogg-vorbis: bf7c407c2cedff20999df2af8eb42d56 -> 
========================================================================
Received Prepare
Registering precompiled user dll's ...
Registered in 0.003398 seconds.
Begin MonoManager ReloadAssembly
Native extension for OSXStandalone target not found
Native extension for WebGL target not found
Refreshing native plugins compatible for Editor in 0.73 ms, found 4 plugins.
Preloading 1 native plugins for Editor in 0.61 ms.
System.NullReferenceException: Object reference not set to an instance of an object
  at Zappar.Editor.ZapparUARSettingsProvider.GetOrCreateSettings () [0x00059] in /Users/narabikkina/Documents/Ich/Tatar party/Сабантуй/baursak-ar/Library/PackageCache/com.zappar.uar@1c682ec0d1/Editor/ZapparUARSettingsProvider.cs:148 
  at Zappar.Editor.PackageImportSettings.RefreshPackage () [0x00036] in /Users/narabikkina/Documents/Ich/Tatar party/Сабантуй/baursak-ar/Library/PackageCache/com.zappar.uar@1c682ec0d1/Editor/PackageImportSettings.cs:31 
  at Zappar.Editor.PackageImportSettings..cctor () [0x00000] in /Users/narabikkina/Documents/Ich/Tatar party/Сабантуй/baursak-ar/Library/PackageCache/com.zappar.uar@1c682ec0d1/Editor/PackageImportSettings.cs:13 
UnityEngine.StackTraceUtility:ExtractStackTrace () (at /Users/bokken/build/output/unity/unity/Runtime/Export/Scripting/StackTrace.cs:37)
UnityEngine.DebugLogHandler:LogFormat (UnityEngine.LogType,UnityEngine.Object,string,object[])
UnityEngine.Logger:Log (UnityEngine.LogType,object)
UnityEngine.Debug:LogError (object)
UnityEditor.EditorAssemblies:ProcessInitializeOnLoadAttributes (System.Type[]) (at /Users/bokken/build/output/unity/unity/Editor/Mono/EditorAssemblies.cs:134)

(Filename: /Users/bokken/build/output/unity/unity/Editor/Mono/EditorAssemblies.cs Line: 134)

[Package Manager] Server::EnsureServerProcessIsRunning -- launch failed, reason: Unity was launched with the -noUpm command-line argument
[Package Manager] Cannot connect to Unity Package Manager local server
Mono: successfully reloaded assembly
- Completed reload, in  2.485 seconds
Domain Reload Profiling:
	ReloadAssembly (2487ms)
		BeginReloadAssembly (224ms)
			ExecutionOrderSort (0ms)
			DisableScriptedObjects (9ms)
			BackupInstance (0ms)
			ReleaseScriptingObjects (0ms)
			CreateAndSetChildDomain (86ms)
		EndReloadAssembly (2107ms)
			LoadAssemblies (106ms)
			RebuildTransferFunctionScriptingTraits (0ms)
			SetupTypeCache (530ms)
			ReleaseScriptCaches (1ms)
			RebuildScriptCaches (73ms)
			SetupLoadedEditorAssemblies (1290ms)
				LogAssemblyErrors (0ms)
				InitializePlatformSupportModulesInManaged (7ms)
				SetLoadedEditorAssemblies (1ms)
				RefreshPlugins (1ms)
				BeforeProcessingInitializeOnLoad (97ms)
				ProcessInitializeOnLoadAttributes (1139ms)
				ProcessInitializeOnLoadMethodAttributes (42ms)
				AfterProcessingInitializeOnLoad (3ms)
				EditorAssembliesLoaded (0ms)
			ExecutionOrderSort2 (0ms)
			AwakeInstancesAfterBackupRestoration (10ms)
Platform modules already initialized, skipping
Refreshing native plugins compatible for Editor in 1.05 ms, found 4 plugins.
Preloading 1 native plugins for Editor in 0.75 ms.
Unloading 3124 Unused Serialized files (Serialized files now loaded: 0)
Unloading 36 unused Assets / (23.0 KB). Loaded Objects now: 3581.
Memory consumption went from 106.1 MB to 106.1 MB.
Total: 6.137335 ms (FindLiveObjects: 0.576772 ms CreateObjectMapping: 0.384790 ms MarkObjects: 5.055592 ms  DeleteObjects: 0.118421 ms)

AssetImportParameters requested are different than current active one (requested -> active):
  custom:video-decoder-ogg-theora: a1e56fd34408186e4bbccfd4996cb3dc -> 
  custom:container-muxer-webm: aa71ff27fc2769a1b78a27578f13a17b -> 
  custom:container-demuxer-webm: 4f35f7cbe854078d1ac9338744f61a02 -> 
  custom:video-encoder-webm-vp8: eb34c28f22e8b96e1ab97ce403110664 -> 
  custom:framework-osx-AVFoundation: e770b220cccbd017edd2c1fefb359320 -> 
  custom:CustomObjectIndexerAttribute: bc11b3a6c3213fcdd17b65e7da85e133 -> 
  custom:audio-encoder-webm-vorbis: bf7c407c2cedff20999df2af8eb42d56 -> 
  custom:SearchIndexIgnoredProperties: e643bd26f0fe6173181afceb89e7c659 -> 
  custom:container-demuxer-ogg: 62fdf1f143b41e24485cea50d1cbac27 -> 
  custom:video-decoder-webm-vp8: 9c59270c3fd7afecdb556c50c9e8de78 -> 
  custom:audio-decoder-ogg-vorbis: bf7c407c2cedff20999df2af8eb42d56 -> 
========================================================================
Received Prepare
Registering precompiled user dll's ...
Registered in 0.003758 seconds.
Begin MonoManager ReloadAssembly
Native extension for OSXStandalone target not found
Native extension for WebGL target not found
Refreshing native plugins compatible for Editor in 1.17 ms, found 4 plugins.
Preloading 1 native plugins for Editor in 1.16 ms.
System.NullReferenceException: Object reference not set to an instance of an object
  at Zappar.Editor.ZapparUARSettingsProvider.GetOrCreateSettings () [0x00059] in /Users/narabikkina/Documents/Ich/Tatar party/Сабантуй/baursak-ar/Library/PackageCache/com.zappar.uar@1c682ec0d1/Editor/ZapparUARSettingsProvider.cs:148 
  at Zappar.Editor.PackageImportSettings.RefreshPackage () [0x00036] in /Users/narabikkina/Documents/Ich/Tatar party/Сабантуй/baursak-ar/Library/PackageCache/com.zappar.uar@1c682ec0d1/Editor/PackageImportSettings.cs:31 
  at Zappar.Editor.PackageImportSettings..cctor () [0x00000] in /Users/narabikkina/Documents/Ich/Tatar party/Сабантуй/baursak-ar/Library/PackageCache/com.zappar.uar@1c682ec0d1/Editor/PackageImportSettings.cs:13 
UnityEngine.StackTraceUtility:ExtractStackTrace () (at /Users/bokken/build/output/unity/unity/Runtime/Export/Scripting/StackTrace.cs:37)
UnityEngine.DebugLogHandler:LogFormat (UnityEngine.LogType,UnityEngine.Object,string,object[])
UnityEngine.Logger:Log (UnityEngine.LogType,object)
UnityEngine.Debug:LogError (object)
UnityEditor.EditorAssemblies:ProcessInitializeOnLoadAttributes (System.Type[]) (at /Users/bokken/build/output/unity/unity/Editor/Mono/EditorAssemblies.cs:134)

(Filename: /Users/bokken/build/output/unity/unity/Editor/Mono/EditorAssemblies.cs Line: 134)

[Package Manager] Server::EnsureServerProcessIsRunning -- launch failed, reason: Unity was launched with the -noUpm command-line argument
[Package Manager] Cannot connect to Unity Package Manager local server
Mono: successfully reloaded assembly
- Completed reload, in  2.643 seconds
Domain Reload Profiling:
	ReloadAssembly (2645ms)
		BeginReloadAssembly (221ms)
			ExecutionOrderSort (0ms)
			DisableScriptedObjects (8ms)
			BackupInstance (0ms)
			ReleaseScriptingObjects (0ms)
			CreateAndSetChildDomain (84ms)
		EndReloadAssembly (2268ms)
			LoadAssemblies (112ms)
			RebuildTransferFunctionScriptingTraits (0ms)
			SetupTypeCache (480ms)
			ReleaseScriptCaches (2ms)
			RebuildScriptCaches (102ms)
			SetupLoadedEditorAssemblies (1369ms)
				LogAssemblyErrors (0ms)
				InitializePlatformSupportModulesInManaged (22ms)
				SetLoadedEditorAssemblies (1ms)
				RefreshPlugins (3ms)
				BeforeProcessingInitializeOnLoad (153ms)
				ProcessInitializeOnLoadAttributes (1138ms)
				ProcessInitializeOnLoadMethodAttributes (49ms)
				AfterProcessingInitializeOnLoad (3ms)
				EditorAssembliesLoaded (1ms)
			ExecutionOrderSort2 (0ms)
			AwakeInstancesAfterBackupRestoration (14ms)
Platform modules already initialized, skipping
Refreshing native plugins compatible for Editor in 1.05 ms, found 4 plugins.
Preloading 1 native plugins for Editor in 1.09 ms.
Unloading 3124 Unused Serialized files (Serialized files now loaded: 0)
Unloading 36 unused Assets / (21.9 KB). Loaded Objects now: 3585.
Memory consumption went from 106.1 MB to 106.1 MB.
Total: 6.181015 ms (FindLiveObjects: 0.610726 ms CreateObjectMapping: 0.384150 ms MarkObjects: 5.113526 ms  DeleteObjects: 0.070843 ms)

AssetImportParameters requested are different than current active one (requested -> active):
  custom:video-decoder-ogg-theora: a1e56fd34408186e4bbccfd4996cb3dc -> 
  custom:container-muxer-webm: aa71ff27fc2769a1b78a27578f13a17b -> 
  custom:container-demuxer-webm: 4f35f7cbe854078d1ac9338744f61a02 -> 
  custom:video-encoder-webm-vp8: eb34c28f22e8b96e1ab97ce403110664 -> 
  custom:framework-osx-AVFoundation: e770b220cccbd017edd2c1fefb359320 -> 
  custom:CustomObjectIndexerAttribute: bc11b3a6c3213fcdd17b65e7da85e133 -> 
  custom:audio-encoder-webm-vorbis: bf7c407c2cedff20999df2af8eb42d56 -> 
  custom:SearchIndexIgnoredProperties: e643bd26f0fe6173181afceb89e7c659 -> 
  custom:container-demuxer-ogg: 62fdf1f143b41e24485cea50d1cbac27 -> 
  custom:video-decoder-webm-vp8: 9c59270c3fd7afecdb556c50c9e8de78 -> 
  custom:audio-decoder-ogg-vorbis: bf7c407c2cedff20999df2af8eb42d56 -> 
========================================================================
Received Prepare
Registering precompiled user dll's ...
Registered in 0.003663 seconds.
Begin MonoManager ReloadAssembly
Native extension for OSXStandalone target not found
Native extension for WebGL target not found
Refreshing native plugins compatible for Editor in 1.31 ms, found 4 plugins.
Preloading 1 native plugins for Editor in 1.66 ms.
System.NullReferenceException: Object reference not set to an instance of an object
  at Zappar.Editor.ZapparUARSettingsProvider.GetOrCreateSettings () [0x00059] in /Users/narabikkina/Documents/Ich/Tatar party/Сабантуй/baursak-ar/Library/PackageCache/com.zappar.uar@1c682ec0d1/Editor/ZapparUARSettingsProvider.cs:148 
  at Zappar.Editor.PackageImportSettings.RefreshPackage () [0x00036] in /Users/narabikkina/Documents/Ich/Tatar party/Сабантуй/baursak-ar/Library/PackageCache/com.zappar.uar@1c682ec0d1/Editor/PackageImportSettings.cs:31 
  at Zappar.Editor.PackageImportSettings..cctor () [0x00000] in /Users/narabikkina/Documents/Ich/Tatar party/Сабантуй/baursak-ar/Library/PackageCache/com.zappar.uar@1c682ec0d1/Editor/PackageImportSettings.cs:13 
UnityEngine.StackTraceUtility:ExtractStackTrace () (at /Users/bokken/build/output/unity/unity/Runtime/Export/Scripting/StackTrace.cs:37)
UnityEngine.DebugLogHandler:LogFormat (UnityEngine.LogType,UnityEngine.Object,string,object[])
UnityEngine.Logger:Log (UnityEngine.LogType,object)
UnityEngine.Debug:LogError (object)
UnityEditor.EditorAssemblies:ProcessInitializeOnLoadAttributes (System.Type[]) (at /Users/bokken/build/output/unity/unity/Editor/Mono/EditorAssemblies.cs:134)

(Filename: /Users/bokken/build/output/unity/unity/Editor/Mono/EditorAssemblies.cs Line: 134)

[Package Manager] Server::EnsureServerProcessIsRunning -- launch failed, reason: Unity was launched with the -noUpm command-line argument
[Package Manager] Cannot connect to Unity Package Manager local server
Mono: successfully reloaded assembly
- Completed reload, in  3.000 seconds
Domain Reload Profiling:
	ReloadAssembly (3001ms)
		BeginReloadAssembly (218ms)
			ExecutionOrderSort (0ms)
			DisableScriptedObjects (9ms)
			BackupInstance (0ms)
			ReleaseScriptingObjects (0ms)
			CreateAndSetChildDomain (81ms)
		EndReloadAssembly (2629ms)
			LoadAssemblies (105ms)
			RebuildTransferFunctionScriptingTraits (0ms)
			SetupTypeCache (616ms)
			ReleaseScriptCaches (3ms)
			RebuildScriptCaches (129ms)
			SetupLoadedEditorAssemblies (1612ms)
				LogAssemblyErrors (0ms)
				InitializePlatformSupportModulesInManaged (14ms)
				SetLoadedEditorAssemblies (1ms)
				RefreshPlugins (3ms)
				BeforeProcessingInitializeOnLoad (166ms)
				ProcessInitializeOnLoadAttributes (1366ms)
				ProcessInitializeOnLoadMethodAttributes (56ms)
				AfterProcessingInitializeOnLoad (6ms)
				EditorAssembliesLoaded (0ms)
			ExecutionOrderSort2 (0ms)
			AwakeInstancesAfterBackupRestoration (12ms)
Platform modules already initialized, skipping
Refreshing native plugins compatible for Editor in 1.41 ms, found 4 plugins.
Preloading 1 native plugins for Editor in 1.44 ms.
Unloading 3124 Unused Serialized files (Serialized files now loaded: 0)
Unloading 36 unused Assets / (21.9 KB). Loaded Objects now: 3589.
Memory consumption went from 106.1 MB to 106.1 MB.
Total: 6.986673 ms (FindLiveObjects: 0.370280 ms CreateObjectMapping: 0.297638 ms MarkObjects: 6.272717 ms  DeleteObjects: 0.044511 ms)

AssetImportParameters requested are different than current active one (requested -> active):
  custom:video-decoder-ogg-theora: a1e56fd34408186e4bbccfd4996cb3dc -> 
  custom:container-muxer-webm: aa71ff27fc2769a1b78a27578f13a17b -> 
  custom:container-demuxer-webm: 4f35f7cbe854078d1ac9338744f61a02 -> 
  custom:video-encoder-webm-vp8: eb34c28f22e8b96e1ab97ce403110664 -> 
  custom:framework-osx-AVFoundation: e770b220cccbd017edd2c1fefb359320 -> 
  custom:CustomObjectIndexerAttribute: bc11b3a6c3213fcdd17b65e7da85e133 -> 
  custom:audio-encoder-webm-vorbis: bf7c407c2cedff20999df2af8eb42d56 -> 
  custom:SearchIndexIgnoredProperties: e643bd26f0fe6173181afceb89e7c659 -> 
  custom:container-demuxer-ogg: 62fdf1f143b41e24485cea50d1cbac27 -> 
  custom:video-decoder-webm-vp8: 9c59270c3fd7afecdb556c50c9e8de78 -> 
  custom:audio-decoder-ogg-vorbis: bf7c407c2cedff20999df2af8eb42d56 -> 
========================================================================
Received Prepare
Registering precompiled user dll's ...
Registered in 0.003450 seconds.
Begin MonoManager ReloadAssembly
Native extension for OSXStandalone target not found
Native extension for WebGL target not found
Refreshing native plugins compatible for Editor in 1.03 ms, found 4 plugins.
Preloading 1 native plugins for Editor in 0.70 ms.
System.NullReferenceException: Object reference not set to an instance of an object
  at Zappar.Editor.ZapparUARSettingsProvider.GetOrCreateSettings () [0x00059] in /Users/narabikkina/Documents/Ich/Tatar party/Сабантуй/baursak-ar/Library/PackageCache/com.zappar.uar@1c682ec0d1/Editor/ZapparUARSettingsProvider.cs:148 
  at Zappar.Editor.PackageImportSettings.RefreshPackage () [0x00036] in /Users/narabikkina/Documents/Ich/Tatar party/Сабантуй/baursak-ar/Library/PackageCache/com.zappar.uar@1c682ec0d1/Editor/PackageImportSettings.cs:31 
  at Zappar.Editor.PackageImportSettings..cctor () [0x00000] in /Users/narabikkina/Documents/Ich/Tatar party/Сабантуй/baursak-ar/Library/PackageCache/com.zappar.uar@1c682ec0d1/Editor/PackageImportSettings.cs:13 
UnityEngine.StackTraceUtility:ExtractStackTrace () (at /Users/bokken/build/output/unity/unity/Runtime/Export/Scripting/StackTrace.cs:37)
UnityEngine.DebugLogHandler:LogFormat (UnityEngine.LogType,UnityEngine.Object,string,object[])
UnityEngine.Logger:Log (UnityEngine.LogType,object)
UnityEngine.Debug:LogError (object)
UnityEditor.EditorAssemblies:ProcessInitializeOnLoadAttributes (System.Type[]) (at /Users/bokken/build/output/unity/unity/Editor/Mono/EditorAssemblies.cs:134)

(Filename: /Users/bokken/build/output/unity/unity/Editor/Mono/EditorAssemblies.cs Line: 134)

[Package Manager] Server::EnsureServerProcessIsRunning -- launch failed, reason: Unity was launched with the -noUpm command-line argument
[Package Manager] Cannot connect to Unity Package Manager local server
Mono: successfully reloaded assembly
- Completed reload, in  2.533 seconds
Domain Reload Profiling:
	ReloadAssembly (2534ms)
		BeginReloadAssembly (224ms)
			ExecutionOrderSort (0ms)
			DisableScriptedObjects (9ms)
			BackupInstance (0ms)
			ReleaseScriptingObjects (0ms)
			CreateAndSetChildDomain (83ms)
		EndReloadAssembly (2151ms)
			LoadAssemblies (114ms)
			RebuildTransferFunctionScriptingTraits (0ms)
			SetupTypeCache (518ms)
			ReleaseScriptCaches (2ms)
			RebuildScriptCaches (73ms)
			SetupLoadedEditorAssemblies (1337ms)
				LogAssemblyErrors (0ms)
				InitializePlatformSupportModulesInManaged (11ms)
				SetLoadedEditorAssemblies (1ms)
				RefreshPlugins (2ms)
				BeforeProcessingInitializeOnLoad (112ms)
				ProcessInitializeOnLoadAttributes (1149ms)
				ProcessInitializeOnLoadMethodAttributes (58ms)
				AfterProcessingInitializeOnLoad (3ms)
				EditorAssembliesLoaded (0ms)
			ExecutionOrderSort2 (0ms)
			AwakeInstancesAfterBackupRestoration (14ms)
Platform modules already initialized, skipping
Refreshing native plugins compatible for Editor in 1.57 ms, found 4 plugins.
Preloading 1 native plugins for Editor in 0.87 ms.
Unloading 3124 Unused Serialized files (Serialized files now loaded: 0)
Unloading 36 unused Assets / (23.0 KB). Loaded Objects now: 3593.
Memory consumption went from 106.2 MB to 106.1 MB.
Total: 6.901535 ms (FindLiveObjects: 0.486193 ms CreateObjectMapping: 0.325691 ms MarkObjects: 6.038324 ms  DeleteObjects: 0.049820 ms)

AssetImportParameters requested are different than current active one (requested -> active):
  custom:video-decoder-ogg-theora: a1e56fd34408186e4bbccfd4996cb3dc -> 
  custom:container-muxer-webm: aa71ff27fc2769a1b78a27578f13a17b -> 
  custom:container-demuxer-webm: 4f35f7cbe854078d1ac9338744f61a02 -> 
  custom:video-encoder-webm-vp8: eb34c28f22e8b96e1ab97ce403110664 -> 
  custom:framework-osx-AVFoundation: e770b220cccbd017edd2c1fefb359320 -> 
  custom:CustomObjectIndexerAttribute: bc11b3a6c3213fcdd17b65e7da85e133 -> 
  custom:audio-encoder-webm-vorbis: bf7c407c2cedff20999df2af8eb42d56 -> 
  custom:SearchIndexIgnoredProperties: e643bd26f0fe6173181afceb89e7c659 -> 
  custom:container-demuxer-ogg: 62fdf1f143b41e24485cea50d1cbac27 -> 
  custom:video-decoder-webm-vp8: 9c59270c3fd7afecdb556c50c9e8de78 -> 
  custom:audio-decoder-ogg-vorbis: bf7c407c2cedff20999df2af8eb42d56 -> 
========================================================================
Received Prepare
Registering precompiled user dll's ...
Registered in 0.004001 seconds.
Begin MonoManager ReloadAssembly
Native extension for OSXStandalone target not found
Native extension for WebGL target not found
Refreshing native plugins compatible for Editor in 1.52 ms, found 4 plugins.
Preloading 1 native plugins for Editor in 1.17 ms.
System.NullReferenceException: Object reference not set to an instance of an object
  at Zappar.Editor.ZapparUARSettingsProvider.GetOrCreateSettings () [0x00059] in /Users/narabikkina/Documents/Ich/Tatar party/Сабантуй/baursak-ar/Library/PackageCache/com.zappar.uar@1c682ec0d1/Editor/ZapparUARSettingsProvider.cs:148 
  at Zappar.Editor.PackageImportSettings.RefreshPackage () [0x00036] in /Users/narabikkina/Documents/Ich/Tatar party/Сабантуй/baursak-ar/Library/PackageCache/com.zappar.uar@1c682ec0d1/Editor/PackageImportSettings.cs:31 
  at Zappar.Editor.PackageImportSettings..cctor () [0x00000] in /Users/narabikkina/Documents/Ich/Tatar party/Сабантуй/baursak-ar/Library/PackageCache/com.zappar.uar@1c682ec0d1/Editor/PackageImportSettings.cs:13 
UnityEngine.StackTraceUtility:ExtractStackTrace () (at /Users/bokken/build/output/unity/unity/Runtime/Export/Scripting/StackTrace.cs:37)
UnityEngine.DebugLogHandler:LogFormat (UnityEngine.LogType,UnityEngine.Object,string,object[])
UnityEngine.Logger:Log (UnityEngine.LogType,object)
UnityEngine.Debug:LogError (object)
UnityEditor.EditorAssemblies:ProcessInitializeOnLoadAttributes (System.Type[]) (at /Users/bokken/build/output/unity/unity/Editor/Mono/EditorAssemblies.cs:134)

(Filename: /Users/bokken/build/output/unity/unity/Editor/Mono/EditorAssemblies.cs Line: 134)

[Package Manager] Server::EnsureServerProcessIsRunning -- launch failed, reason: Unity was launched with the -noUpm command-line argument
[Package Manager] Cannot connect to Unity Package Manager local server
Mono: successfully reloaded assembly
- Completed reload, in  3.579 seconds
Domain Reload Profiling:
	ReloadAssembly (3582ms)
		BeginReloadAssembly (694ms)
			ExecutionOrderSort (0ms)
			DisableScriptedObjects (27ms)
			BackupInstance (0ms)
			ReleaseScriptingObjects (0ms)
			CreateAndSetChildDomain (290ms)
		EndReloadAssembly (2616ms)
			LoadAssemblies (302ms)
			RebuildTransferFunctionScriptingTraits (0ms)
			SetupTypeCache (848ms)
			ReleaseScriptCaches (3ms)
			RebuildScriptCaches (131ms)
			SetupLoadedEditorAssemblies (1321ms)
				LogAssemblyErrors (0ms)
				InitializePlatformSupportModulesInManaged (12ms)
				SetLoadedEditorAssemblies (2ms)
				RefreshPlugins (3ms)
				BeforeProcessingInitializeOnLoad (135ms)
				ProcessInitializeOnLoadAttributes (1115ms)
				ProcessInitializeOnLoadMethodAttributes (50ms)
				AfterProcessingInitializeOnLoad (4ms)
				EditorAssembliesLoaded (0ms)
			ExecutionOrderSort2 (0ms)
			AwakeInstancesAfterBackupRestoration (17ms)
Platform modules already initialized, skipping
Refreshing native plugins compatible for Editor in 1.22 ms, found 4 plugins.
Preloading 1 native plugins for Editor in 0.91 ms.
Unloading 3124 Unused Serialized files (Serialized files now loaded: 0)
Unloading 36 unused Assets / (22.0 KB). Loaded Objects now: 3597.
Memory consumption went from 106.2 MB to 106.1 MB.
Total: 7.779300 ms (FindLiveObjects: 0.677314 ms CreateObjectMapping: 0.395833 ms MarkObjects: 6.513836 ms  DeleteObjects: 0.189770 ms)

AssetImportParameters requested are different than current active one (requested -> active):
  custom:video-decoder-ogg-theora: a1e56fd34408186e4bbccfd4996cb3dc -> 
  custom:container-muxer-webm: aa71ff27fc2769a1b78a27578f13a17b -> 
  custom:container-demuxer-webm: 4f35f7cbe854078d1ac9338744f61a02 -> 
  custom:video-encoder-webm-vp8: eb34c28f22e8b96e1ab97ce403110664 -> 
  custom:framework-osx-AVFoundation: e770b220cccbd017edd2c1fefb359320 -> 
  custom:CustomObjectIndexerAttribute: bc11b3a6c3213fcdd17b65e7da85e133 -> 
  custom:audio-encoder-webm-vorbis: bf7c407c2cedff20999df2af8eb42d56 -> 
  custom:SearchIndexIgnoredProperties: e643bd26f0fe6173181afceb89e7c659 -> 
  custom:container-demuxer-ogg: 62fdf1f143b41e24485cea50d1cbac27 -> 
  custom:video-decoder-webm-vp8: 9c59270c3fd7afecdb556c50c9e8de78 -> 
  custom:audio-decoder-ogg-vorbis: bf7c407c2cedff20999df2af8eb42d56 -> 
========================================================================
Received Prepare
Registering precompiled user dll's ...
Registered in 0.004487 seconds.
Begin MonoManager ReloadAssembly
Native extension for OSXStandalone target not found
Native extension for WebGL target not found
Refreshing native plugins compatible for Editor in 1.34 ms, found 4 plugins.
Preloading 1 native plugins for Editor in 0.84 ms.
System.NullReferenceException: Object reference not set to an instance of an object
  at Zappar.Editor.ZapparUARSettingsProvider.GetOrCreateSettings () [0x00059] in /Users/narabikkina/Documents/Ich/Tatar party/Сабантуй/baursak-ar/Library/PackageCache/com.zappar.uar@1c682ec0d1/Editor/ZapparUARSettingsProvider.cs:148 
  at Zappar.Editor.PackageImportSettings.RefreshPackage () [0x00036] in /Users/narabikkina/Documents/Ich/Tatar party/Сабантуй/baursak-ar/Library/PackageCache/com.zappar.uar@1c682ec0d1/Editor/PackageImportSettings.cs:31 
  at Zappar.Editor.PackageImportSettings..cctor () [0x00000] in /Users/narabikkina/Documents/Ich/Tatar party/Сабантуй/baursak-ar/Library/PackageCache/com.zappar.uar@1c682ec0d1/Editor/PackageImportSettings.cs:13 
UnityEngine.StackTraceUtility:ExtractStackTrace () (at /Users/bokken/build/output/unity/unity/Runtime/Export/Scripting/StackTrace.cs:37)
UnityEngine.DebugLogHandler:LogFormat (UnityEngine.LogType,UnityEngine.Object,string,object[])
UnityEngine.Logger:Log (UnityEngine.LogType,object)
UnityEngine.Debug:LogError (object)
UnityEditor.EditorAssemblies:ProcessInitializeOnLoadAttributes (System.Type[]) (at /Users/bokken/build/output/unity/unity/Editor/Mono/EditorAssemblies.cs:134)

(Filename: /Users/bokken/build/output/unity/unity/Editor/Mono/EditorAssemblies.cs Line: 134)

[Package Manager] Server::EnsureServerProcessIsRunning -- launch failed, reason: Unity was launched with the -noUpm command-line argument
[Package Manager] Cannot connect to Unity Package Manager local server
Mono: successfully reloaded assembly
- Completed reload, in  2.583 seconds
Domain Reload Profiling:
	ReloadAssembly (2584ms)
		BeginReloadAssembly (219ms)
			ExecutionOrderSort (0ms)
			DisableScriptedObjects (11ms)
			BackupInstance (0ms)
			ReleaseScriptingObjects (0ms)
			CreateAndSetChildDomain (76ms)
		EndReloadAssembly (2215ms)
			LoadAssemblies (121ms)
			RebuildTransferFunctionScriptingTraits (0ms)
			SetupTypeCache (520ms)
			ReleaseScriptCaches (3ms)
			RebuildScriptCaches (117ms)
			SetupLoadedEditorAssemblies (1314ms)
				LogAssemblyErrors (0ms)
				InitializePlatformSupportModulesInManaged (12ms)
				SetLoadedEditorAssemblies (1ms)
				RefreshPlugins (2ms)
				BeforeProcessingInitializeOnLoad (129ms)
				ProcessInitializeOnLoadAttributes (1112ms)
				ProcessInitializeOnLoadMethodAttributes (50ms)
				AfterProcessingInitializeOnLoad (5ms)
				EditorAssembliesLoaded (1ms)
			ExecutionOrderSort2 (0ms)
			AwakeInstancesAfterBackupRestoration (12ms)
Platform modules already initialized, skipping
Refreshing native plugins compatible for Editor in 1.45 ms, found 4 plugins.
Preloading 1 native plugins for Editor in 1.00 ms.
Unloading 3124 Unused Serialized files (Serialized files now loaded: 0)
Unloading 36 unused Assets / (21.9 KB). Loaded Objects now: 3601.
Memory consumption went from 106.2 MB to 106.1 MB.
Total: 7.625441 ms (FindLiveObjects: 0.670576 ms CreateObjectMapping: 0.521463 ms MarkObjects: 6.360261 ms  DeleteObjects: 0.071405 ms)

AssetImportParameters requested are different than current active one (requested -> active):
  custom:video-decoder-ogg-theora: a1e56fd34408186e4bbccfd4996cb3dc -> 
  custom:container-muxer-webm: aa71ff27fc2769a1b78a27578f13a17b -> 
  custom:container-demuxer-webm: 4f35f7cbe854078d1ac9338744f61a02 -> 
  custom:video-encoder-webm-vp8: eb34c28f22e8b96e1ab97ce403110664 -> 
  custom:framework-osx-AVFoundation: e770b220cccbd017edd2c1fefb359320 -> 
  custom:CustomObjectIndexerAttribute: bc11b3a6c3213fcdd17b65e7da85e133 -> 
  custom:audio-encoder-webm-vorbis: bf7c407c2cedff20999df2af8eb42d56 -> 
  custom:SearchIndexIgnoredProperties: e643bd26f0fe6173181afceb89e7c659 -> 
  custom:container-demuxer-ogg: 62fdf1f143b41e24485cea50d1cbac27 -> 
  custom:video-decoder-webm-vp8: 9c59270c3fd7afecdb556c50c9e8de78 -> 
  custom:audio-decoder-ogg-vorbis: bf7c407c2cedff20999df2af8eb42d56 -> 
========================================================================
Received Prepare
Registering precompiled user dll's ...
Registered in 0.003431 seconds.
Begin MonoManager ReloadAssembly
Native extension for OSXStandalone target not found
Native extension for WebGL target not found
Refreshing native plugins compatible for Editor in 1.34 ms, found 4 plugins.
Preloading 1 native plugins for Editor in 0.83 ms.
System.NullReferenceException: Object reference not set to an instance of an object
  at Zappar.Editor.ZapparUARSettingsProvider.GetOrCreateSettings () [0x00059] in /Users/narabikkina/Documents/Ich/Tatar party/Сабантуй/baursak-ar/Library/PackageCache/com.zappar.uar@1c682ec0d1/Editor/ZapparUARSettingsProvider.cs:148 
  at Zappar.Editor.PackageImportSettings.RefreshPackage () [0x00036] in /Users/narabikkina/Documents/Ich/Tatar party/Сабантуй/baursak-ar/Library/PackageCache/com.zappar.uar@1c682ec0d1/Editor/PackageImportSettings.cs:31 
  at Zappar.Editor.PackageImportSettings..cctor () [0x00000] in /Users/narabikkina/Documents/Ich/Tatar party/Сабантуй/baursak-ar/Library/PackageCache/com.zappar.uar@1c682ec0d1/Editor/PackageImportSettings.cs:13 
UnityEngine.StackTraceUtility:ExtractStackTrace () (at /Users/bokken/build/output/unity/unity/Runtime/Export/Scripting/StackTrace.cs:37)
UnityEngine.DebugLogHandler:LogFormat (UnityEngine.LogType,UnityEngine.Object,string,object[])
UnityEngine.Logger:Log (UnityEngine.LogType,object)
UnityEngine.Debug:LogError (object)
UnityEditor.EditorAssemblies:ProcessInitializeOnLoadAttributes (System.Type[]) (at /Users/bokken/build/output/unity/unity/Editor/Mono/EditorAssemblies.cs:134)

(Filename: /Users/bokken/build/output/unity/unity/Editor/Mono/EditorAssemblies.cs Line: 134)

[Package Manager] Server::EnsureServerProcessIsRunning -- launch failed, reason: Unity was launched with the -noUpm command-line argument
[Package Manager] Cannot connect to Unity Package Manager local server
Mono: successfully reloaded assembly
- Completed reload, in  2.401 seconds
Domain Reload Profiling:
	ReloadAssembly (2402ms)
		BeginReloadAssembly (213ms)
			ExecutionOrderSort (0ms)
			DisableScriptedObjects (8ms)
			BackupInstance (0ms)
			ReleaseScriptingObjects (0ms)
			CreateAndSetChildDomain (75ms)
		EndReloadAssembly (2035ms)
			LoadAssemblies (110ms)
			RebuildTransferFunctionScriptingTraits (0ms)
			SetupTypeCache (468ms)
			ReleaseScriptCaches (2ms)
			RebuildScriptCaches (73ms)
			SetupLoadedEditorAssemblies (1276ms)
				LogAssemblyErrors (0ms)
				InitializePlatformSupportModulesInManaged (10ms)
				SetLoadedEditorAssemblies (1ms)
				RefreshPlugins (2ms)
				BeforeProcessingInitializeOnLoad (115ms)
				ProcessInitializeOnLoadAttributes (1095ms)
				ProcessInitializeOnLoadMethodAttributes (50ms)
				AfterProcessingInitializeOnLoad (3ms)
				EditorAssembliesLoaded (0ms)
			ExecutionOrderSort2 (0ms)
			AwakeInstancesAfterBackupRestoration (12ms)
Platform modules already initialized, skipping
Refreshing native plugins compatible for Editor in 1.18 ms, found 4 plugins.
Preloading 1 native plugins for Editor in 0.80 ms.
Unloading 3124 Unused Serialized files (Serialized files now loaded: 0)
Unloading 36 unused Assets / (23.0 KB). Loaded Objects now: 3605.
Memory consumption went from 106.2 MB to 106.2 MB.
Total: 6.874451 ms (FindLiveObjects: 0.601017 ms CreateObjectMapping: 0.379098 ms MarkObjects: 5.799887 ms  DeleteObjects: 0.092125 ms)

AssetImportParameters requested are different than current active one (requested -> active):
  custom:video-decoder-ogg-theora: a1e56fd34408186e4bbccfd4996cb3dc -> 
  custom:container-muxer-webm: aa71ff27fc2769a1b78a27578f13a17b -> 
  custom:container-demuxer-webm: 4f35f7cbe854078d1ac9338744f61a02 -> 
  custom:video-encoder-webm-vp8: eb34c28f22e8b96e1ab97ce403110664 -> 
  custom:framework-osx-AVFoundation: e770b220cccbd017edd2c1fefb359320 -> 
  custom:CustomObjectIndexerAttribute: bc11b3a6c3213fcdd17b65e7da85e133 -> 
  custom:audio-encoder-webm-vorbis: bf7c407c2cedff20999df2af8eb42d56 -> 
  custom:SearchIndexIgnoredProperties: e643bd26f0fe6173181afceb89e7c659 -> 
  custom:container-demuxer-ogg: 62fdf1f143b41e24485cea50d1cbac27 -> 
  custom:video-decoder-webm-vp8: 9c59270c3fd7afecdb556c50c9e8de78 -> 
  custom:audio-decoder-ogg-vorbis: bf7c407c2cedff20999df2af8eb42d56 -> 
========================================================================
Received Prepare
Registering precompiled user dll's ...
Registered in 0.003375 seconds.
Begin MonoManager ReloadAssembly
Native extension for OSXStandalone target not found
Native extension for WebGL target not found
Refreshing native plugins compatible for Editor in 0.88 ms, found 4 plugins.
Preloading 1 native plugins for Editor in 0.85 ms.
System.NullReferenceException: Object reference not set to an instance of an object
  at Zappar.Editor.ZapparUARSettingsProvider.GetOrCreateSettings () [0x00059] in /Users/narabikkina/Documents/Ich/Tatar party/Сабантуй/baursak-ar/Library/PackageCache/com.zappar.uar@1c682ec0d1/Editor/ZapparUARSettingsProvider.cs:148 
  at Zappar.Editor.PackageImportSettings.RefreshPackage () [0x00036] in /Users/narabikkina/Documents/Ich/Tatar party/Сабантуй/baursak-ar/Library/PackageCache/com.zappar.uar@1c682ec0d1/Editor/PackageImportSettings.cs:31 
  at Zappar.Editor.PackageImportSettings..cctor () [0x00000] in /Users/narabikkina/Documents/Ich/Tatar party/Сабантуй/baursak-ar/Library/PackageCache/com.zappar.uar@1c682ec0d1/Editor/PackageImportSettings.cs:13 
UnityEngine.StackTraceUtility:ExtractStackTrace () (at /Users/bokken/build/output/unity/unity/Runtime/Export/Scripting/StackTrace.cs:37)
UnityEngine.DebugLogHandler:LogFormat (UnityEngine.LogType,UnityEngine.Object,string,object[])
UnityEngine.Logger:Log (UnityEngine.LogType,object)
UnityEngine.Debug:LogError (object)
UnityEditor.EditorAssemblies:ProcessInitializeOnLoadAttributes (System.Type[]) (at /Users/bokken/build/output/unity/unity/Editor/Mono/EditorAssemblies.cs:134)

(Filename: /Users/bokken/build/output/unity/unity/Editor/Mono/EditorAssemblies.cs Line: 134)

[Package Manager] Server::EnsureServerProcessIsRunning -- launch failed, reason: Unity was launched with the -noUpm command-line argument
[Package Manager] Cannot connect to Unity Package Manager local server
Mono: successfully reloaded assembly
- Completed reload, in  2.425 seconds
Domain Reload Profiling:
	ReloadAssembly (2427ms)
		BeginReloadAssembly (216ms)
			ExecutionOrderSort (0ms)
			DisableScriptedObjects (8ms)
			BackupInstance (0ms)
			ReleaseScriptingObjects (0ms)
			CreateAndSetChildDomain (78ms)
		EndReloadAssembly (2056ms)
			LoadAssemblies (110ms)
			RebuildTransferFunctionScriptingTraits (0ms)
			SetupTypeCache (482ms)
			ReleaseScriptCaches (2ms)
			RebuildScriptCaches (75ms)
			SetupLoadedEditorAssemblies (1273ms)
				LogAssemblyErrors (0ms)
				InitializePlatformSupportModulesInManaged (12ms)
				SetLoadedEditorAssemblies (1ms)
				RefreshPlugins (2ms)
				BeforeProcessingInitializeOnLoad (121ms)
				ProcessInitializeOnLoadAttributes (1086ms)
				ProcessInitializeOnLoadMethodAttributes (47ms)
				AfterProcessingInitializeOnLoad (3ms)
				EditorAssembliesLoaded (0ms)
			ExecutionOrderSort2 (0ms)
			AwakeInstancesAfterBackupRestoration (12ms)
Platform modules already initialized, skipping
Refreshing native plugins compatible for Editor in 1.76 ms, found 4 plugins.
Preloading 1 native plugins for Editor in 1.13 ms.
Unloading 3124 Unused Serialized files (Serialized files now loaded: 0)
Unloading 36 unused Assets / (21.9 KB). Loaded Objects now: 3609.
Memory consumption went from 106.2 MB to 106.2 MB.
Total: 7.991690 ms (FindLiveObjects: 0.759040 ms CreateObjectMapping: 0.516625 ms MarkObjects: 6.569632 ms  DeleteObjects: 0.144139 ms)

AssetImportParameters requested are different than current active one (requested -> active):
  custom:video-decoder-ogg-theora: a1e56fd34408186e4bbccfd4996cb3dc -> 
  custom:container-muxer-webm: aa71ff27fc2769a1b78a27578f13a17b -> 
  custom:container-demuxer-webm: 4f35f7cbe854078d1ac9338744f61a02 -> 
  custom:video-encoder-webm-vp8: eb34c28f22e8b96e1ab97ce403110664 -> 
  custom:framework-osx-AVFoundation: e770b220cccbd017edd2c1fefb359320 -> 
  custom:CustomObjectIndexerAttribute: bc11b3a6c3213fcdd17b65e7da85e133 -> 
  custom:audio-encoder-webm-vorbis: bf7c407c2cedff20999df2af8eb42d56 -> 
  custom:SearchIndexIgnoredProperties: e643bd26f0fe6173181afceb89e7c659 -> 
  custom:container-demuxer-ogg: 62fdf1f143b41e24485cea50d1cbac27 -> 
  custom:video-decoder-webm-vp8: 9c59270c3fd7afecdb556c50c9e8de78 -> 
  custom:audio-decoder-ogg-vorbis: bf7c407c2cedff20999df2af8eb42d56 -> 
========================================================================
Received Prepare
Registering precompiled user dll's ...
Registered in 0.004554 seconds.
Begin MonoManager ReloadAssembly
Native extension for OSXStandalone target not found
Native extension for WebGL target not found
Refreshing native plugins compatible for Editor in 1.43 ms, found 4 plugins.
Preloading 1 native plugins for Editor in 0.61 ms.
System.NullReferenceException: Object reference not set to an instance of an object
  at Zappar.Editor.ZapparUARSettingsProvider.GetOrCreateSettings () [0x00059] in /Users/narabikkina/Documents/Ich/Tatar party/Сабантуй/baursak-ar/Library/PackageCache/com.zappar.uar@1c682ec0d1/Editor/ZapparUARSettingsProvider.cs:148 
  at Zappar.Editor.PackageImportSettings.RefreshPackage () [0x00036] in /Users/narabikkina/Documents/Ich/Tatar party/Сабантуй/baursak-ar/Library/PackageCache/com.zappar.uar@1c682ec0d1/Editor/PackageImportSettings.cs:31 
  at Zappar.Editor.PackageImportSettings..cctor () [0x00000] in /Users/narabikkina/Documents/Ich/Tatar party/Сабантуй/baursak-ar/Library/PackageCache/com.zappar.uar@1c682ec0d1/Editor/PackageImportSettings.cs:13 
UnityEngine.StackTraceUtility:ExtractStackTrace () (at /Users/bokken/build/output/unity/unity/Runtime/Export/Scripting/StackTrace.cs:37)
UnityEngine.DebugLogHandler:LogFormat (UnityEngine.LogType,UnityEngine.Object,string,object[])
UnityEngine.Logger:Log (UnityEngine.LogType,object)
UnityEngine.Debug:LogError (object)
UnityEditor.EditorAssemblies:ProcessInitializeOnLoadAttributes (System.Type[]) (at /Users/bokken/build/output/unity/unity/Editor/Mono/EditorAssemblies.cs:134)

(Filename: /Users/bokken/build/output/unity/unity/Editor/Mono/EditorAssemblies.cs Line: 134)

[Package Manager] Server::EnsureServerProcessIsRunning -- launch failed, reason: Unity was launched with the -noUpm command-line argument
[Package Manager] Cannot connect to Unity Package Manager local server
Mono: successfully reloaded assembly
- Completed reload, in  2.364 seconds
Domain Reload Profiling:
	ReloadAssembly (2366ms)
		BeginReloadAssembly (208ms)
			ExecutionOrderSort (0ms)
			DisableScriptedObjects (8ms)
			BackupInstance (0ms)
			ReleaseScriptingObjects (0ms)
			CreateAndSetChildDomain (77ms)
		EndReloadAssembly (2009ms)
			LoadAssemblies (100ms)
			RebuildTransferFunctionScriptingTraits (0ms)
			SetupTypeCache (478ms)
			ReleaseScriptCaches (1ms)
			RebuildScriptCaches (73ms)
			SetupLoadedEditorAssemblies (1254ms)
				LogAssemblyErrors (0ms)
				InitializePlatformSupportModulesInManaged (10ms)
				SetLoadedEditorAssemblies (1ms)
				RefreshPlugins (2ms)
				BeforeProcessingInitializeOnLoad (114ms)
				ProcessInitializeOnLoadAttributes (1077ms)
				ProcessInitializeOnLoadMethodAttributes (46ms)
				AfterProcessingInitializeOnLoad (3ms)
				EditorAssembliesLoaded (0ms)
			ExecutionOrderSort2 (0ms)
			AwakeInstancesAfterBackupRestoration (11ms)
Platform modules already initialized, skipping
Refreshing native plugins compatible for Editor in 1.37 ms, found 4 plugins.
Preloading 1 native plugins for Editor in 0.84 ms.
Unloading 3124 Unused Serialized files (Serialized files now loaded: 0)
Unloading 36 unused Assets / (23.0 KB). Loaded Objects now: 3613.
Memory consumption went from 106.2 MB to 106.2 MB.
Total: 5.940314 ms (FindLiveObjects: 0.403465 ms CreateObjectMapping: 0.231681 ms MarkObjects: 5.254034 ms  DeleteObjects: 0.049611 ms)

AssetImportParameters requested are different than current active one (requested -> active):
  custom:video-decoder-ogg-theora: a1e56fd34408186e4bbccfd4996cb3dc -> 
  custom:container-muxer-webm: aa71ff27fc2769a1b78a27578f13a17b -> 
  custom:container-demuxer-webm: 4f35f7cbe854078d1ac9338744f61a02 -> 
  custom:video-encoder-webm-vp8: eb34c28f22e8b96e1ab97ce403110664 -> 
  custom:framework-osx-AVFoundation: e770b220cccbd017edd2c1fefb359320 -> 
  custom:CustomObjectIndexerAttribute: bc11b3a6c3213fcdd17b65e7da85e133 -> 
  custom:audio-encoder-webm-vorbis: bf7c407c2cedff20999df2af8eb42d56 -> 
  custom:SearchIndexIgnoredProperties: e643bd26f0fe6173181afceb89e7c659 -> 
  custom:container-demuxer-ogg: 62fdf1f143b41e24485cea50d1cbac27 -> 
  custom:video-decoder-webm-vp8: 9c59270c3fd7afecdb556c50c9e8de78 -> 
  custom:audio-decoder-ogg-vorbis: bf7c407c2cedff20999df2af8eb42d56 -> 
========================================================================
Received Prepare
Registering precompiled user dll's ...
Registered in 0.004259 seconds.
Begin MonoManager ReloadAssembly
Native extension for OSXStandalone target not found
Native extension for WebGL target not found
Refreshing native plugins compatible for Editor in 1.12 ms, found 4 plugins.
Preloading 1 native plugins for Editor in 0.96 ms.
System.NullReferenceException: Object reference not set to an instance of an object
  at Zappar.Editor.ZapparUARSettingsProvider.GetOrCreateSettings () [0x00059] in /Users/narabikkina/Documents/Ich/Tatar party/Сабантуй/baursak-ar/Library/PackageCache/com.zappar.uar@1c682ec0d1/Editor/ZapparUARSettingsProvider.cs:148 
  at Zappar.Editor.PackageImportSettings.RefreshPackage () [0x00036] in /Users/narabikkina/Documents/Ich/Tatar party/Сабантуй/baursak-ar/Library/PackageCache/com.zappar.uar@1c682ec0d1/Editor/PackageImportSettings.cs:31 
  at Zappar.Editor.PackageImportSettings..cctor () [0x00000] in /Users/narabikkina/Documents/Ich/Tatar party/Сабантуй/baursak-ar/Library/PackageCache/com.zappar.uar@1c682ec0d1/Editor/PackageImportSettings.cs:13 
UnityEngine.StackTraceUtility:ExtractStackTrace () (at /Users/bokken/build/output/unity/unity/Runtime/Export/Scripting/StackTrace.cs:37)
UnityEngine.DebugLogHandler:LogFormat (UnityEngine.LogType,UnityEngine.Object,string,object[])
UnityEngine.Logger:Log (UnityEngine.LogType,object)
UnityEngine.Debug:LogError (object)
UnityEditor.EditorAssemblies:ProcessInitializeOnLoadAttributes (System.Type[]) (at /Users/bokken/build/output/unity/unity/Editor/Mono/EditorAssemblies.cs:134)

(Filename: /Users/bokken/build/output/unity/unity/Editor/Mono/EditorAssemblies.cs Line: 134)

[Package Manager] Server::EnsureServerProcessIsRunning -- launch failed, reason: Unity was launched with the -noUpm command-line argument
[Package Manager] Cannot connect to Unity Package Manager local server
Mono: successfully reloaded assembly
- Completed reload, in  2.605 seconds
Domain Reload Profiling:
	ReloadAssembly (2606ms)
		BeginReloadAssembly (215ms)
			ExecutionOrderSort (0ms)
			DisableScriptedObjects (9ms)
			BackupInstance (0ms)
			ReleaseScriptingObjects (0ms)
			CreateAndSetChildDomain (79ms)
		EndReloadAssembly (2238ms)
			LoadAssemblies (104ms)
			RebuildTransferFunctionScriptingTraits (0ms)
			SetupTypeCache (506ms)
			ReleaseScriptCaches (3ms)
			RebuildScriptCaches (121ms)
			SetupLoadedEditorAssemblies (1342ms)
				LogAssemblyErrors (0ms)
				InitializePlatformSupportModulesInManaged (12ms)
				SetLoadedEditorAssemblies (1ms)
				RefreshPlugins (2ms)
				BeforeProcessingInitializeOnLoad (131ms)
				ProcessInitializeOnLoadAttributes (1138ms)
				ProcessInitializeOnLoadMethodAttributes (55ms)
				AfterProcessingInitializeOnLoad (3ms)
				EditorAssembliesLoaded (0ms)
			ExecutionOrderSort2 (0ms)
			AwakeInstancesAfterBackupRestoration (13ms)
Platform modules already initialized, skipping
Refreshing native plugins compatible for Editor in 1.09 ms, found 4 plugins.
Preloading 1 native plugins for Editor in 0.83 ms.
Unloading 3124 Unused Serialized files (Serialized files now loaded: 0)
Unloading 36 unused Assets / (21.9 KB). Loaded Objects now: 3617.
Memory consumption went from 106.2 MB to 106.2 MB.
Total: 7.416882 ms (FindLiveObjects: 0.377159 ms CreateObjectMapping: 0.283780 ms MarkObjects: 6.658098 ms  DeleteObjects: 0.078766 ms)

AssetImportParameters requested are different than current active one (requested -> active):
  custom:video-decoder-ogg-theora: a1e56fd34408186e4bbccfd4996cb3dc -> 
  custom:container-muxer-webm: aa71ff27fc2769a1b78a27578f13a17b -> 
  custom:container-demuxer-webm: 4f35f7cbe854078d1ac9338744f61a02 -> 
  custom:video-encoder-webm-vp8: eb34c28f22e8b96e1ab97ce403110664 -> 
  custom:framework-osx-AVFoundation: e770b220cccbd017edd2c1fefb359320 -> 
  custom:CustomObjectIndexerAttribute: bc11b3a6c3213fcdd17b65e7da85e133 -> 
  custom:audio-encoder-webm-vorbis: bf7c407c2cedff20999df2af8eb42d56 -> 
  custom:SearchIndexIgnoredProperties: e643bd26f0fe6173181afceb89e7c659 -> 
  custom:container-demuxer-ogg: 62fdf1f143b41e24485cea50d1cbac27 -> 
  custom:video-decoder-webm-vp8: 9c59270c3fd7afecdb556c50c9e8de78 -> 
  custom:audio-decoder-ogg-vorbis: bf7c407c2cedff20999df2af8eb42d56 -> 
========================================================================
Received Prepare
Registering precompiled user dll's ...
Registered in 0.004715 seconds.
Begin MonoManager ReloadAssembly
Native extension for OSXStandalone target not found
Native extension for WebGL target not found
Refreshing native plugins compatible for Editor in 1.53 ms, found 4 plugins.
Preloading 1 native plugins for Editor in 1.02 ms.
System.NullReferenceException: Object reference not set to an instance of an object
  at Zappar.Editor.ZapparUARSettingsProvider.GetOrCreateSettings () [0x00059] in /Users/narabikkina/Documents/Ich/Tatar party/Сабантуй/baursak-ar/Library/PackageCache/com.zappar.uar@1c682ec0d1/Editor/ZapparUARSettingsProvider.cs:148 
  at Zappar.Editor.PackageImportSettings.RefreshPackage () [0x00036] in /Users/narabikkina/Documents/Ich/Tatar party/Сабантуй/baursak-ar/Library/PackageCache/com.zappar.uar@1c682ec0d1/Editor/PackageImportSettings.cs:31 
  at Zappar.Editor.PackageImportSettings..cctor () [0x00000] in /Users/narabikkina/Documents/Ich/Tatar party/Сабантуй/baursak-ar/Library/PackageCache/com.zappar.uar@1c682ec0d1/Editor/PackageImportSettings.cs:13 
UnityEngine.StackTraceUtility:ExtractStackTrace () (at /Users/bokken/build/output/unity/unity/Runtime/Export/Scripting/StackTrace.cs:37)
UnityEngine.DebugLogHandler:LogFormat (UnityEngine.LogType,UnityEngine.Object,string,object[])
UnityEngine.Logger:Log (UnityEngine.LogType,object)
UnityEngine.Debug:LogError (object)
UnityEditor.EditorAssemblies:ProcessInitializeOnLoadAttributes (System.Type[]) (at /Users/bokken/build/output/unity/unity/Editor/Mono/EditorAssemblies.cs:134)

(Filename: /Users/bokken/build/output/unity/unity/Editor/Mono/EditorAssemblies.cs Line: 134)

[Package Manager] Server::EnsureServerProcessIsRunning -- launch failed, reason: Unity was launched with the -noUpm command-line argument
[Package Manager] Cannot connect to Unity Package Manager local server
Mono: successfully reloaded assembly
- Completed reload, in  2.306 seconds
Domain Reload Profiling:
	ReloadAssembly (2307ms)
		BeginReloadAssembly (210ms)
			ExecutionOrderSort (0ms)
			DisableScriptedObjects (8ms)
			BackupInstance (0ms)
			ReleaseScriptingObjects (0ms)
			CreateAndSetChildDomain (75ms)
		EndReloadAssembly (1942ms)
			LoadAssemblies (108ms)
			RebuildTransferFunctionScriptingTraits (0ms)
			SetupTypeCache (479ms)
			ReleaseScriptCaches (1ms)
			RebuildScriptCaches (80ms)
			SetupLoadedEditorAssemblies (1176ms)
				LogAssemblyErrors (0ms)
				InitializePlatformSupportModulesInManaged (10ms)
				SetLoadedEditorAssemblies (1ms)
				RefreshPlugins (3ms)
				BeforeProcessingInitializeOnLoad (112ms)
				ProcessInitializeOnLoadAttributes (1002ms)
				ProcessInitializeOnLoadMethodAttributes (45ms)
				AfterProcessingInitializeOnLoad (3ms)
				EditorAssembliesLoaded (0ms)
			ExecutionOrderSort2 (0ms)
			AwakeInstancesAfterBackupRestoration (11ms)
Platform modules already initialized, skipping
Refreshing native plugins compatible for Editor in 1.40 ms, found 4 plugins.
Preloading 1 native plugins for Editor in 0.96 ms.
Unloading 3124 Unused Serialized files (Serialized files now loaded: 0)
Unloading 36 unused Assets / (22.0 KB). Loaded Objects now: 3621.
Memory consumption went from 106.2 MB to 106.2 MB.
Total: 6.554167 ms (FindLiveObjects: 0.384303 ms CreateObjectMapping: 0.304392 ms MarkObjects: 5.798077 ms  DeleteObjects: 0.054543 ms)

AssetImportParameters requested are different than current active one (requested -> active):
  custom:video-decoder-ogg-theora: a1e56fd34408186e4bbccfd4996cb3dc -> 
  custom:container-muxer-webm: aa71ff27fc2769a1b78a27578f13a17b -> 
  custom:container-demuxer-webm: 4f35f7cbe854078d1ac9338744f61a02 -> 
  custom:video-encoder-webm-vp8: eb34c28f22e8b96e1ab97ce403110664 -> 
  custom:framework-osx-AVFoundation: e770b220cccbd017edd2c1fefb359320 -> 
  custom:CustomObjectIndexerAttribute: bc11b3a6c3213fcdd17b65e7da85e133 -> 
  custom:audio-encoder-webm-vorbis: bf7c407c2cedff20999df2af8eb42d56 -> 
  custom:SearchIndexIgnoredProperties: e643bd26f0fe6173181afceb89e7c659 -> 
  custom:container-demuxer-ogg: 62fdf1f143b41e24485cea50d1cbac27 -> 
  custom:video-decoder-webm-vp8: 9c59270c3fd7afecdb556c50c9e8de78 -> 
  custom:audio-decoder-ogg-vorbis: bf7c407c2cedff20999df2af8eb42d56 -> 
========================================================================
Received Prepare
Refreshing native plugins compatible for Editor in 6.01 ms, found 4 plugins.
Preloading 1 native plugins for Editor in 0.53 ms.
Unloading 33 Unused Serialized files (Serialized files now loaded: 0)
Unloading 33 unused Assets / (22.0 KB). Loaded Objects now: 3621.
Memory consumption went from 43.4 MB to 43.4 MB.
Total: 5.725186 ms (FindLiveObjects: 0.292375 ms CreateObjectMapping: 0.250756 ms MarkObjects: 5.141548 ms  DeleteObjects: 0.039302 ms)

AssetImportParameters requested are different than current active one (requested -> active):
  custom:video-decoder-ogg-theora: a1e56fd34408186e4bbccfd4996cb3dc -> 
  custom:container-muxer-webm: aa71ff27fc2769a1b78a27578f13a17b -> 
  custom:container-demuxer-webm: 4f35f7cbe854078d1ac9338744f61a02 -> 
  custom:video-encoder-webm-vp8: eb34c28f22e8b96e1ab97ce403110664 -> 
  custom:framework-osx-AVFoundation: e770b220cccbd017edd2c1fefb359320 -> 
  custom:CustomObjectIndexerAttribute: bc11b3a6c3213fcdd17b65e7da85e133 -> 
  custom:audio-encoder-webm-vorbis: bf7c407c2cedff20999df2af8eb42d56 -> 
  custom:SearchIndexIgnoredProperties: e643bd26f0fe6173181afceb89e7c659 -> 
  custom:container-demuxer-ogg: 62fdf1f143b41e24485cea50d1cbac27 -> 
  custom:video-decoder-webm-vp8: 9c59270c3fd7afecdb556c50c9e8de78 -> 
  custom:audio-decoder-ogg-vorbis: bf7c407c2cedff20999df2af8eb42d56 -> 
========================================================================
Received Prepare
Refreshing native plugins compatible for Editor in 5.78 ms, found 4 plugins.
Preloading 1 native plugins for Editor in 0.50 ms.
Unloading 33 Unused Serialized files (Serialized files now loaded: 0)
Unloading 33 unused Assets / (22.0 KB). Loaded Objects now: 3621.
Memory consumption went from 43.1 MB to 43.0 MB.
Total: 3.897753 ms (FindLiveObjects: 0.239127 ms CreateObjectMapping: 0.136065 ms MarkObjects: 3.490163 ms  DeleteObjects: 0.030920 ms)

AssetImportParameters requested are different than current active one (requested -> active):
  custom:video-decoder-ogg-theora: a1e56fd34408186e4bbccfd4996cb3dc -> 
  custom:container-muxer-webm: aa71ff27fc2769a1b78a27578f13a17b -> 
  custom:container-demuxer-webm: 4f35f7cbe854078d1ac9338744f61a02 -> 
  custom:video-encoder-webm-vp8: eb34c28f22e8b96e1ab97ce403110664 -> 
  custom:framework-osx-AVFoundation: e770b220cccbd017edd2c1fefb359320 -> 
  custom:CustomObjectIndexerAttribute: bc11b3a6c3213fcdd17b65e7da85e133 -> 
  custom:audio-encoder-webm-vorbis: bf7c407c2cedff20999df2af8eb42d56 -> 
  custom:SearchIndexIgnoredProperties: e643bd26f0fe6173181afceb89e7c659 -> 
  custom:container-demuxer-ogg: 62fdf1f143b41e24485cea50d1cbac27 -> 
  custom:video-decoder-webm-vp8: 9c59270c3fd7afecdb556c50c9e8de78 -> 
  custom:audio-decoder-ogg-vorbis: bf7c407c2cedff20999df2af8eb42d56 -> 
========================================================================
Received Prepare
Registering precompiled user dll's ...
Registered in 0.003991 seconds.
Begin MonoManager ReloadAssembly
Native extension for OSXStandalone target not found
Native extension for WebGL target not found
Refreshing native plugins compatible for Editor in 0.70 ms, found 4 plugins.
Preloading 1 native plugins for Editor in 0.58 ms.
System.NullReferenceException: Object reference not set to an instance of an object
  at Zappar.Editor.ZapparUARSettingsProvider.GetOrCreateSettings () [0x00059] in /Users/narabikkina/Documents/Ich/Tatar party/Сабантуй/baursak-ar/Library/PackageCache/com.zappar.uar@1c682ec0d1/Editor/ZapparUARSettingsProvider.cs:148 
  at Zappar.Editor.PackageImportSettings.RefreshPackage () [0x00036] in /Users/narabikkina/Documents/Ich/Tatar party/Сабантуй/baursak-ar/Library/PackageCache/com.zappar.uar@1c682ec0d1/Editor/PackageImportSettings.cs:31 
  at Zappar.Editor.PackageImportSettings..cctor () [0x00000] in /Users/narabikkina/Documents/Ich/Tatar party/Сабантуй/baursak-ar/Library/PackageCache/com.zappar.uar@1c682ec0d1/Editor/PackageImportSettings.cs:13 
UnityEngine.StackTraceUtility:ExtractStackTrace () (at /Users/bokken/build/output/unity/unity/Runtime/Export/Scripting/StackTrace.cs:37)
UnityEngine.DebugLogHandler:LogFormat (UnityEngine.LogType,UnityEngine.Object,string,object[])
UnityEngine.Logger:Log (UnityEngine.LogType,object)
UnityEngine.Debug:LogError (object)
UnityEditor.EditorAssemblies:ProcessInitializeOnLoadAttributes (System.Type[]) (at /Users/bokken/build/output/unity/unity/Editor/Mono/EditorAssemblies.cs:134)

(Filename: /Users/bokken/build/output/unity/unity/Editor/Mono/EditorAssemblies.cs Line: 134)

[Package Manager] Server::EnsureServerProcessIsRunning -- launch failed, reason: Unity was launched with the -noUpm command-line argument
[Package Manager] Cannot connect to Unity Package Manager local server
Mono: successfully reloaded assembly
- Completed reload, in  1.975 seconds
Domain Reload Profiling:
	ReloadAssembly (1976ms)
		BeginReloadAssembly (211ms)
			ExecutionOrderSort (0ms)
			DisableScriptedObjects (9ms)
			BackupInstance (0ms)
			ReleaseScriptingObjects (0ms)
			CreateAndSetChildDomain (79ms)
		EndReloadAssembly (1622ms)
			LoadAssemblies (106ms)
			RebuildTransferFunctionScriptingTraits (0ms)
			SetupTypeCache (457ms)
			ReleaseScriptCaches (1ms)
			RebuildScriptCaches (70ms)
			SetupLoadedEditorAssemblies (923ms)
				LogAssemblyErrors (0ms)
				InitializePlatformSupportModulesInManaged (7ms)
				SetLoadedEditorAssemblies (1ms)
				RefreshPlugins (1ms)
				BeforeProcessingInitializeOnLoad (84ms)
				ProcessInitializeOnLoadAttributes (801ms)
				ProcessInitializeOnLoadMethodAttributes (27ms)
				AfterProcessingInitializeOnLoad (2ms)
				EditorAssembliesLoaded (0ms)
			ExecutionOrderSort2 (0ms)
			AwakeInstancesAfterBackupRestoration (8ms)
Platform modules already initialized, skipping
Refreshing native plugins compatible for Editor in 0.74 ms, found 4 plugins.
Preloading 1 native plugins for Editor in 0.54 ms.
Unloading 3124 Unused Serialized files (Serialized files now loaded: 0)
Unloading 36 unused Assets / (22.0 KB). Loaded Objects now: 3625.
Memory consumption went from 106.2 MB to 106.2 MB.
Total: 3.804519 ms (FindLiveObjects: 0.245072 ms CreateObjectMapping: 0.146959 ms MarkObjects: 3.358511 ms  DeleteObjects: 0.052627 ms)

AssetImportParameters requested are different than current active one (requested -> active):
  custom:video-decoder-ogg-theora: a1e56fd34408186e4bbccfd4996cb3dc -> 
  custom:container-muxer-webm: aa71ff27fc2769a1b78a27578f13a17b -> 
  custom:container-demuxer-webm: 4f35f7cbe854078d1ac9338744f61a02 -> 
  custom:video-encoder-webm-vp8: eb34c28f22e8b96e1ab97ce403110664 -> 
  custom:framework-osx-AVFoundation: e770b220cccbd017edd2c1fefb359320 -> 
  custom:CustomObjectIndexerAttribute: bc11b3a6c3213fcdd17b65e7da85e133 -> 
  custom:audio-encoder-webm-vorbis: bf7c407c2cedff20999df2af8eb42d56 -> 
  custom:SearchIndexIgnoredProperties: e643bd26f0fe6173181afceb89e7c659 -> 
  custom:container-demuxer-ogg: 62fdf1f143b41e24485cea50d1cbac27 -> 
  custom:video-decoder-webm-vp8: 9c59270c3fd7afecdb556c50c9e8de78 -> 
  custom:audio-decoder-ogg-vorbis: bf7c407c2cedff20999df2af8eb42d56 -> 
========================================================================
Received Prepare
Refreshing native plugins compatible for Editor in 5.85 ms, found 4 plugins.
Preloading 1 native plugins for Editor in 0.50 ms.
Unloading 33 Unused Serialized files (Serialized files now loaded: 0)
Unloading 33 unused Assets / (23.0 KB). Loaded Objects now: 3625.
Memory consumption went from 43.4 MB to 43.4 MB.
Total: 3.829036 ms (FindLiveObjects: 0.239868 ms CreateObjectMapping: 0.154339 ms MarkObjects: 3.402828 ms  DeleteObjects: 0.031020 ms)

AssetImportParameters requested are different than current active one (requested -> active):
  graphicsApiMask: 2048 -> 2304
  custom:video-decoder-ogg-theora: a1e56fd34408186e4bbccfd4996cb3dc -> 
  custom:container-muxer-webm: aa71ff27fc2769a1b78a27578f13a17b -> 
  custom:container-demuxer-webm: 4f35f7cbe854078d1ac9338744f61a02 -> 
  custom:video-encoder-webm-vp8: eb34c28f22e8b96e1ab97ce403110664 -> 
  custom:framework-osx-AVFoundation: e770b220cccbd017edd2c1fefb359320 -> 
  custom:CustomObjectIndexerAttribute: bc11b3a6c3213fcdd17b65e7da85e133 -> 
  custom:audio-encoder-webm-vorbis: bf7c407c2cedff20999df2af8eb42d56 -> 
  custom:SearchIndexIgnoredProperties: e643bd26f0fe6173181afceb89e7c659 -> 
  custom:container-demuxer-ogg: 62fdf1f143b41e24485cea50d1cbac27 -> 
  custom:video-decoder-webm-vp8: 9c59270c3fd7afecdb556c50c9e8de78 -> 
  custom:audio-decoder-ogg-vorbis: bf7c407c2cedff20999df2af8eb42d56 -> 
========================================================================
Received Prepare
Refreshing native plugins compatible for Editor in 9.32 ms, found 4 plugins.
Preloading 1 native plugins for Editor in 0.74 ms.
Unloading 33 Unused Serialized files (Serialized files now loaded: 0)
Unloading 33 unused Assets / (22.0 KB). Loaded Objects now: 3625.
Memory consumption went from 43.1 MB to 43.1 MB.
Total: 6.285167 ms (FindLiveObjects: 0.399137 ms CreateObjectMapping: 0.378092 ms MarkObjects: 5.464522 ms  DeleteObjects: 0.041630 ms)

AssetImportParameters requested are different than current active one (requested -> active):
  custom:video-decoder-ogg-theora: a1e56fd34408186e4bbccfd4996cb3dc -> 
  custom:container-muxer-webm: aa71ff27fc2769a1b78a27578f13a17b -> 
  custom:container-demuxer-webm: 4f35f7cbe854078d1ac9338744f61a02 -> 
  custom:video-encoder-webm-vp8: eb34c28f22e8b96e1ab97ce403110664 -> 
  custom:framework-osx-AVFoundation: e770b220cccbd017edd2c1fefb359320 -> 
  custom:CustomObjectIndexerAttribute: bc11b3a6c3213fcdd17b65e7da85e133 -> 
  custom:audio-encoder-webm-vorbis: bf7c407c2cedff20999df2af8eb42d56 -> 
  custom:SearchIndexIgnoredProperties: e643bd26f0fe6173181afceb89e7c659 -> 
  custom:container-demuxer-ogg: 62fdf1f143b41e24485cea50d1cbac27 -> 
  custom:video-decoder-webm-vp8: 9c59270c3fd7afecdb556c50c9e8de78 -> 
  custom:audio-decoder-ogg-vorbis: bf7c407c2cedff20999df2af8eb42d56 -> 
========================================================================
Received Import Request.
  Time since last request: 91181.150533 seconds.
  path: Assets/Materials/Materials/green.mat
  artifactKey: Guid(dca596331c8f6442dbc238e954622eb8) Importer(815301076,1909f56bfc062723c751e8b465ee728b)
Number of updated assets reloaded before import = 0
Start importing Assets/Materials/Materials/green.mat using Guid(dca596331c8f6442dbc238e954622eb8) Importer(815301076,1909f56bfc062723c751e8b465ee728b)  -> (artifact id: 'f19b8a97aff583f8abadf30ad2ffcecd') in 1.739007 seconds 
Number of asset objects unloaded after import = 1
========================================================================
Received Prepare
Registering precompiled user dll's ...
Registered in 0.006300 seconds.
Begin MonoManager ReloadAssembly
Native extension for OSXStandalone target not found
Native extension for WebGL target not found
Refreshing native plugins compatible for Editor in 1.06 ms, found 4 plugins.
Preloading 1 native plugins for Editor in 1.07 ms.
System.NullReferenceException: Object reference not set to an instance of an object
  at Zappar.Editor.ZapparUARSettingsProvider.GetOrCreateSettings () [0x00059] in /Users/narabikkina/Documents/Ich/Tatar party/Сабантуй/baursak-ar/Library/PackageCache/com.zappar.uar@1c682ec0d1/Editor/ZapparUARSettingsProvider.cs:148 
  at Zappar.Editor.PackageImportSettings.RefreshPackage () [0x00036] in /Users/narabikkina/Documents/Ich/Tatar party/Сабантуй/baursak-ar/Library/PackageCache/com.zappar.uar@1c682ec0d1/Editor/PackageImportSettings.cs:31 
  at Zappar.Editor.PackageImportSettings..cctor () [0x00000] in /Users/narabikkina/Documents/Ich/Tatar party/Сабантуй/baursak-ar/Library/PackageCache/com.zappar.uar@1c682ec0d1/Editor/PackageImportSettings.cs:13 
UnityEngine.StackTraceUtility:ExtractStackTrace () (at /Users/bokken/build/output/unity/unity/Runtime/Export/Scripting/StackTrace.cs:37)
UnityEngine.DebugLogHandler:LogFormat (UnityEngine.LogType,UnityEngine.Object,string,object[])
UnityEngine.Logger:Log (UnityEngine.LogType,object)
UnityEngine.Debug:LogError (object)
UnityEditor.EditorAssemblies:ProcessInitializeOnLoadAttributes (System.Type[]) (at /Users/bokken/build/output/unity/unity/Editor/Mono/EditorAssemblies.cs:134)

(Filename: /Users/bokken/build/output/unity/unity/Editor/Mono/EditorAssemblies.cs Line: 134)

[Package Manager] Server::EnsureServerProcessIsRunning -- launch failed, reason: Unity was launched with the -noUpm command-line argument
[Package Manager] Cannot connect to Unity Package Manager local server
Mono: successfully reloaded assembly
- Completed reload, in  3.597 seconds
Domain Reload Profiling:
	ReloadAssembly (3599ms)
		BeginReloadAssembly (575ms)
			ExecutionOrderSort (0ms)
			DisableScriptedObjects (19ms)
			BackupInstance (0ms)
			ReleaseScriptingObjects (1ms)
			CreateAndSetChildDomain (271ms)
		EndReloadAssembly (2782ms)
			LoadAssemblies (231ms)
			RebuildTransferFunctionScriptingTraits (0ms)
			SetupTypeCache (852ms)
			ReleaseScriptCaches (3ms)
			RebuildScriptCaches (123ms)
			SetupLoadedEditorAssemblies (1522ms)
				LogAssemblyErrors (0ms)
				InitializePlatformSupportModulesInManaged (11ms)
				SetLoadedEditorAssemblies (1ms)
				RefreshPlugins (2ms)
				BeforeProcessingInitializeOnLoad (119ms)
				ProcessInitializeOnLoadAttributes (1290ms)
				ProcessInitializeOnLoadMethodAttributes (91ms)
				AfterProcessingInitializeOnLoad (7ms)
				EditorAssembliesLoaded (0ms)
			ExecutionOrderSort2 (0ms)
			AwakeInstancesAfterBackupRestoration (13ms)
Platform modules already initialized, skipping
Refreshing native plugins compatible for Editor in 1.12 ms, found 4 plugins.
Preloading 1 native plugins for Editor in 0.97 ms.
Unloading 3125 Unused Serialized files (Serialized files now loaded: 0)
Unloading 36 unused Assets / (23.0 KB). Loaded Objects now: 3671.
Memory consumption went from 112.8 MB to 112.8 MB.
Total: 16.487239 ms (FindLiveObjects: 2.033668 ms CreateObjectMapping: 1.567695 ms MarkObjects: 12.734908 ms  DeleteObjects: 0.148795 ms)

AssetImportParameters requested are different than current active one (requested -> active):
  custom:video-decoder-ogg-theora: a1e56fd34408186e4bbccfd4996cb3dc -> 
  custom:container-muxer-webm: aa71ff27fc2769a1b78a27578f13a17b -> 
  custom:container-demuxer-webm: 4f35f7cbe854078d1ac9338744f61a02 -> 
  custom:video-encoder-webm-vp8: eb34c28f22e8b96e1ab97ce403110664 -> 
  custom:framework-osx-AVFoundation: e770b220cccbd017edd2c1fefb359320 -> 
  custom:CustomObjectIndexerAttribute: bc11b3a6c3213fcdd17b65e7da85e133 -> 
  custom:audio-encoder-webm-vorbis: bf7c407c2cedff20999df2af8eb42d56 -> 
  custom:SearchIndexIgnoredProperties: e643bd26f0fe6173181afceb89e7c659 -> 
  custom:container-demuxer-ogg: 62fdf1f143b41e24485cea50d1cbac27 -> 
  custom:video-decoder-webm-vp8: 9c59270c3fd7afecdb556c50c9e8de78 -> 
  custom:audio-decoder-ogg-vorbis: bf7c407c2cedff20999df2af8eb42d56 -> 
========================================================================
Received Prepare
Registering precompiled user dll's ...
Registered in 0.004791 seconds.
Begin MonoManager ReloadAssembly
Native extension for OSXStandalone target not found
Native extension for WebGL target not found
Refreshing native plugins compatible for Editor in 0.76 ms, found 4 plugins.
Preloading 1 native plugins for Editor in 0.69 ms.
System.NullReferenceException: Object reference not set to an instance of an object
  at Zappar.Editor.ZapparUARSettingsProvider.GetOrCreateSettings () [0x00059] in /Users/narabikkina/Documents/Ich/Tatar party/Сабантуй/baursak-ar/Library/PackageCache/com.zappar.uar@1c682ec0d1/Editor/ZapparUARSettingsProvider.cs:148 
  at Zappar.Editor.PackageImportSettings.RefreshPackage () [0x00036] in /Users/narabikkina/Documents/Ich/Tatar party/Сабантуй/baursak-ar/Library/PackageCache/com.zappar.uar@1c682ec0d1/Editor/PackageImportSettings.cs:31 
  at Zappar.Editor.PackageImportSettings..cctor () [0x00000] in /Users/narabikkina/Documents/Ich/Tatar party/Сабантуй/baursak-ar/Library/PackageCache/com.zappar.uar@1c682ec0d1/Editor/PackageImportSettings.cs:13 
UnityEngine.StackTraceUtility:ExtractStackTrace () (at /Users/bokken/build/output/unity/unity/Runtime/Export/Scripting/StackTrace.cs:37)
UnityEngine.DebugLogHandler:LogFormat (UnityEngine.LogType,UnityEngine.Object,string,object[])
UnityEngine.Logger:Log (UnityEngine.LogType,object)
UnityEngine.Debug:LogError (object)
UnityEditor.EditorAssemblies:ProcessInitializeOnLoadAttributes (System.Type[]) (at /Users/bokken/build/output/unity/unity/Editor/Mono/EditorAssemblies.cs:134)

(Filename: /Users/bokken/build/output/unity/unity/Editor/Mono/EditorAssemblies.cs Line: 134)

[Package Manager] Server::EnsureServerProcessIsRunning -- launch failed, reason: Unity was launched with the -noUpm command-line argument
[Package Manager] Cannot connect to Unity Package Manager local server
Mono: successfully reloaded assembly
- Completed reload, in  2.093 seconds
Domain Reload Profiling:
	ReloadAssembly (2094ms)
		BeginReloadAssembly (199ms)
			ExecutionOrderSort (0ms)
			DisableScriptedObjects (8ms)
			BackupInstance (0ms)
			ReleaseScriptingObjects (0ms)
			CreateAndSetChildDomain (67ms)
		EndReloadAssembly (1753ms)
			LoadAssemblies (111ms)
			RebuildTransferFunctionScriptingTraits (0ms)
			SetupTypeCache (582ms)
			ReleaseScriptCaches (1ms)
			RebuildScriptCaches (70ms)
			SetupLoadedEditorAssemblies (918ms)
				LogAssemblyErrors (0ms)
				InitializePlatformSupportModulesInManaged (8ms)
				SetLoadedEditorAssemblies (1ms)
				RefreshPlugins (2ms)
				BeforeProcessingInitializeOnLoad (83ms)
				ProcessInitializeOnLoadAttributes (794ms)
				ProcessInitializeOnLoadMethodAttributes (29ms)
				AfterProcessingInitializeOnLoad (2ms)
				EditorAssembliesLoaded (0ms)
			ExecutionOrderSort2 (0ms)
			AwakeInstancesAfterBackupRestoration (7ms)
Platform modules already initialized, skipping
Refreshing native plugins compatible for Editor in 0.79 ms, found 4 plugins.
Preloading 1 native plugins for Editor in 0.55 ms.
Unloading 3125 Unused Serialized files (Serialized files now loaded: 0)
Unloading 36 unused Assets / (21.9 KB). Loaded Objects now: 3675.
Memory consumption went from 112.8 MB to 112.8 MB.
Total: 3.953123 ms (FindLiveObjects: 0.257649 ms CreateObjectMapping: 0.157054 ms MarkObjects: 3.479992 ms  DeleteObjects: 0.057155 ms)

AssetImportParameters requested are different than current active one (requested -> active):
  custom:video-decoder-ogg-theora: a1e56fd34408186e4bbccfd4996cb3dc -> 
  custom:container-muxer-webm: aa71ff27fc2769a1b78a27578f13a17b -> 
  custom:container-demuxer-webm: 4f35f7cbe854078d1ac9338744f61a02 -> 
  custom:video-encoder-webm-vp8: eb34c28f22e8b96e1ab97ce403110664 -> 
  custom:framework-osx-AVFoundation: e770b220cccbd017edd2c1fefb359320 -> 
  custom:CustomObjectIndexerAttribute: bc11b3a6c3213fcdd17b65e7da85e133 -> 
  custom:audio-encoder-webm-vorbis: bf7c407c2cedff20999df2af8eb42d56 -> 
  custom:SearchIndexIgnoredProperties: e643bd26f0fe6173181afceb89e7c659 -> 
  custom:container-demuxer-ogg: 62fdf1f143b41e24485cea50d1cbac27 -> 
  custom:video-decoder-webm-vp8: 9c59270c3fd7afecdb556c50c9e8de78 -> 
  custom:audio-decoder-ogg-vorbis: bf7c407c2cedff20999df2af8eb42d56 -> 
========================================================================
Received Prepare
Refreshing native plugins compatible for Editor in 10.90 ms, found 4 plugins.
Preloading 1 native plugins for Editor in 0.69 ms.
Unloading 33 Unused Serialized files (Serialized files now loaded: 0)
Unloading 33 unused Assets / (21.9 KB). Loaded Objects now: 3675.
Memory consumption went from 49.9 MB to 49.9 MB.
Total: 5.737729 ms (FindLiveObjects: 0.440130 ms CreateObjectMapping: 0.225649 ms MarkObjects: 5.027466 ms  DeleteObjects: 0.042672 ms)

AssetImportParameters requested are different than current active one (requested -> active):
  custom:video-decoder-ogg-theora: a1e56fd34408186e4bbccfd4996cb3dc -> 
  custom:container-muxer-webm: aa71ff27fc2769a1b78a27578f13a17b -> 
  custom:container-demuxer-webm: 4f35f7cbe854078d1ac9338744f61a02 -> 
  custom:video-encoder-webm-vp8: eb34c28f22e8b96e1ab97ce403110664 -> 
  custom:framework-osx-AVFoundation: e770b220cccbd017edd2c1fefb359320 -> 
  custom:CustomObjectIndexerAttribute: bc11b3a6c3213fcdd17b65e7da85e133 -> 
  custom:audio-encoder-webm-vorbis: bf7c407c2cedff20999df2af8eb42d56 -> 
  custom:SearchIndexIgnoredProperties: e643bd26f0fe6173181afceb89e7c659 -> 
  custom:container-demuxer-ogg: 62fdf1f143b41e24485cea50d1cbac27 -> 
  custom:video-decoder-webm-vp8: 9c59270c3fd7afecdb556c50c9e8de78 -> 
  custom:audio-decoder-ogg-vorbis: bf7c407c2cedff20999df2af8eb42d56 -> 
========================================================================
Received Prepare
Registering precompiled user dll's ...
Registered in 0.003789 seconds.
Begin MonoManager ReloadAssembly
Native extension for OSXStandalone target not found
Native extension for WebGL target not found
Refreshing native plugins compatible for Editor in 1.03 ms, found 4 plugins.
Preloading 1 native plugins for Editor in 2.63 ms.
System.NullReferenceException: Object reference not set to an instance of an object
  at Zappar.Editor.ZapparUARSettingsProvider.GetOrCreateSettings () [0x00059] in /Users/narabikkina/Documents/Ich/Tatar party/Сабантуй/baursak-ar/Library/PackageCache/com.zappar.uar@1c682ec0d1/Editor/ZapparUARSettingsProvider.cs:148 
  at Zappar.Editor.PackageImportSettings.RefreshPackage () [0x00036] in /Users/narabikkina/Documents/Ich/Tatar party/Сабантуй/baursak-ar/Library/PackageCache/com.zappar.uar@1c682ec0d1/Editor/PackageImportSettings.cs:31 
  at Zappar.Editor.PackageImportSettings..cctor () [0x00000] in /Users/narabikkina/Documents/Ich/Tatar party/Сабантуй/baursak-ar/Library/PackageCache/com.zappar.uar@1c682ec0d1/Editor/PackageImportSettings.cs:13 
UnityEngine.StackTraceUtility:ExtractStackTrace () (at /Users/bokken/build/output/unity/unity/Runtime/Export/Scripting/StackTrace.cs:37)
UnityEngine.DebugLogHandler:LogFormat (UnityEngine.LogType,UnityEngine.Object,string,object[])
UnityEngine.Logger:Log (UnityEngine.LogType,object)
UnityEngine.Debug:LogError (object)
UnityEditor.EditorAssemblies:ProcessInitializeOnLoadAttributes (System.Type[]) (at /Users/bokken/build/output/unity/unity/Editor/Mono/EditorAssemblies.cs:134)

(Filename: /Users/bokken/build/output/unity/unity/Editor/Mono/EditorAssemblies.cs Line: 134)

[Package Manager] Server::EnsureServerProcessIsRunning -- launch failed, reason: Unity was launched with the -noUpm command-line argument
[Package Manager] Cannot connect to Unity Package Manager local server
Mono: successfully reloaded assembly
- Completed reload, in  4.135 seconds
Domain Reload Profiling:
	ReloadAssembly (4137ms)
		BeginReloadAssembly (401ms)
			ExecutionOrderSort (0ms)
			DisableScriptedObjects (24ms)
			BackupInstance (0ms)
			ReleaseScriptingObjects (0ms)
			CreateAndSetChildDomain (157ms)
		EndReloadAssembly (3472ms)
			LoadAssemblies (189ms)
			RebuildTransferFunctionScriptingTraits (0ms)
			SetupTypeCache (1024ms)
			ReleaseScriptCaches (1ms)
			RebuildScriptCaches (84ms)
			SetupLoadedEditorAssemblies (1911ms)
				LogAssemblyErrors (0ms)
				InitializePlatformSupportModulesInManaged (17ms)
				SetLoadedEditorAssemblies (3ms)
				RefreshPlugins (4ms)
				BeforeProcessingInitializeOnLoad (141ms)
				ProcessInitializeOnLoadAttributes (1588ms)
				ProcessInitializeOnLoadMethodAttributes (133ms)
				AfterProcessingInitializeOnLoad (25ms)
				EditorAssembliesLoaded (0ms)
			ExecutionOrderSort2 (0ms)
			AwakeInstancesAfterBackupRestoration (40ms)
Platform modules already initialized, skipping
Refreshing native plugins compatible for Editor in 1.35 ms, found 4 plugins.
Preloading 1 native plugins for Editor in 1.02 ms.
Unloading 3126 Unused Serialized files (Serialized files now loaded: 0)
Unloading 36 unused Assets / (22.9 KB). Loaded Objects now: 3680.
Memory consumption went from 112.8 MB to 112.8 MB.
Total: 7.252642 ms (FindLiveObjects: 0.348580 ms CreateObjectMapping: 0.318280 ms MarkObjects: 6.528372 ms  DeleteObjects: 0.055596 ms)

AssetImportParameters requested are different than current active one (requested -> active):
  custom:video-decoder-ogg-theora: a1e56fd34408186e4bbccfd4996cb3dc -> 
  custom:container-muxer-webm: aa71ff27fc2769a1b78a27578f13a17b -> 
  custom:container-demuxer-webm: 4f35f7cbe854078d1ac9338744f61a02 -> 
  custom:video-encoder-webm-vp8: eb34c28f22e8b96e1ab97ce403110664 -> 
  custom:framework-osx-AVFoundation: e770b220cccbd017edd2c1fefb359320 -> 
  custom:CustomObjectIndexerAttribute: bc11b3a6c3213fcdd17b65e7da85e133 -> 
  custom:audio-encoder-webm-vorbis: bf7c407c2cedff20999df2af8eb42d56 -> 
  custom:SearchIndexIgnoredProperties: e643bd26f0fe6173181afceb89e7c659 -> 
  custom:container-demuxer-ogg: 62fdf1f143b41e24485cea50d1cbac27 -> 
  custom:video-decoder-webm-vp8: 9c59270c3fd7afecdb556c50c9e8de78 -> 
  custom:audio-decoder-ogg-vorbis: bf7c407c2cedff20999df2af8eb42d56 -> 
========================================================================
Received Prepare
Registering precompiled user dll's ...
Registered in 0.003597 seconds.
Begin MonoManager ReloadAssembly
Native extension for OSXStandalone target not found
Native extension for WebGL target not found
Refreshing native plugins compatible for Editor in 0.77 ms, found 4 plugins.
Preloading 1 native plugins for Editor in 0.61 ms.
System.NullReferenceException: Object reference not set to an instance of an object
  at Zappar.Editor.ZapparUARSettingsProvider.GetOrCreateSettings () [0x00059] in /Users/narabikkina/Documents/Ich/Tatar party/Сабантуй/baursak-ar/Library/PackageCache/com.zappar.uar@1c682ec0d1/Editor/ZapparUARSettingsProvider.cs:148 
  at Zappar.Editor.PackageImportSettings.RefreshPackage () [0x00036] in /Users/narabikkina/Documents/Ich/Tatar party/Сабантуй/baursak-ar/Library/PackageCache/com.zappar.uar@1c682ec0d1/Editor/PackageImportSettings.cs:31 
  at Zappar.Editor.PackageImportSettings..cctor () [0x00000] in /Users/narabikkina/Documents/Ich/Tatar party/Сабантуй/baursak-ar/Library/PackageCache/com.zappar.uar@1c682ec0d1/Editor/PackageImportSettings.cs:13 
UnityEngine.StackTraceUtility:ExtractStackTrace () (at /Users/bokken/build/output/unity/unity/Runtime/Export/Scripting/StackTrace.cs:37)
UnityEngine.DebugLogHandler:LogFormat (UnityEngine.LogType,UnityEngine.Object,string,object[])
UnityEngine.Logger:Log (UnityEngine.LogType,object)
UnityEngine.Debug:LogError (object)
UnityEditor.EditorAssemblies:ProcessInitializeOnLoadAttributes (System.Type[]) (at /Users/bokken/build/output/unity/unity/Editor/Mono/EditorAssemblies.cs:134)

(Filename: /Users/bokken/build/output/unity/unity/Editor/Mono/EditorAssemblies.cs Line: 134)

[Package Manager] Server::EnsureServerProcessIsRunning -- launch failed, reason: Unity was launched with the -noUpm command-line argument
[Package Manager] Cannot connect to Unity Package Manager local server
Mono: successfully reloaded assembly
- Completed reload, in  2.159 seconds
Domain Reload Profiling:
	ReloadAssembly (2160ms)
		BeginReloadAssembly (199ms)
			ExecutionOrderSort (0ms)
			DisableScriptedObjects (8ms)
			BackupInstance (0ms)
			ReleaseScriptingObjects (0ms)
			CreateAndSetChildDomain (71ms)
		EndReloadAssembly (1822ms)
			LoadAssemblies (101ms)
			RebuildTransferFunctionScriptingTraits (0ms)
			SetupTypeCache (518ms)
			ReleaseScriptCaches (2ms)
			RebuildScriptCaches (110ms)
			SetupLoadedEditorAssemblies (997ms)
				LogAssemblyErrors (0ms)
				InitializePlatformSupportModulesInManaged (8ms)
				SetLoadedEditorAssemblies (1ms)
				RefreshPlugins (1ms)
				BeforeProcessingInitializeOnLoad (84ms)
				ProcessInitializeOnLoadAttributes (856ms)
				ProcessInitializeOnLoadMethodAttributes (45ms)
				AfterProcessingInitializeOnLoad (2ms)
				EditorAssembliesLoaded (0ms)
			ExecutionOrderSort2 (0ms)
			AwakeInstancesAfterBackupRestoration (11ms)
Platform modules already initialized, skipping
Refreshing native plugins compatible for Editor in 2.25 ms, found 4 plugins.
Preloading 1 native plugins for Editor in 0.63 ms.
Unloading 3126 Unused Serialized files (Serialized files now loaded: 0)
Unloading 36 unused Assets / (21.9 KB). Loaded Objects now: 3684.
Memory consumption went from 112.8 MB to 112.8 MB.
Total: 5.440444 ms (FindLiveObjects: 0.371588 ms CreateObjectMapping: 0.359613 ms MarkObjects: 4.669502 ms  DeleteObjects: 0.038287 ms)

AssetImportParameters requested are different than current active one (requested -> active):
  custom:video-decoder-ogg-theora: a1e56fd34408186e4bbccfd4996cb3dc -> 
  custom:container-muxer-webm: aa71ff27fc2769a1b78a27578f13a17b -> 
  custom:container-demuxer-webm: 4f35f7cbe854078d1ac9338744f61a02 -> 
  custom:video-encoder-webm-vp8: eb34c28f22e8b96e1ab97ce403110664 -> 
  custom:framework-osx-AVFoundation: e770b220cccbd017edd2c1fefb359320 -> 
  custom:CustomObjectIndexerAttribute: bc11b3a6c3213fcdd17b65e7da85e133 -> 
  custom:audio-encoder-webm-vorbis: bf7c407c2cedff20999df2af8eb42d56 -> 
  custom:SearchIndexIgnoredProperties: e643bd26f0fe6173181afceb89e7c659 -> 
  custom:container-demuxer-ogg: 62fdf1f143b41e24485cea50d1cbac27 -> 
  custom:video-decoder-webm-vp8: 9c59270c3fd7afecdb556c50c9e8de78 -> 
  custom:audio-decoder-ogg-vorbis: bf7c407c2cedff20999df2af8eb42d56 -> 
========================================================================
Received Prepare
Refreshing native plugins compatible for Editor in 12.00 ms, found 4 plugins.
Preloading 1 native plugins for Editor in 0.68 ms.
Unloading 33 Unused Serialized files (Serialized files now loaded: 0)
Unloading 33 unused Assets / (22.0 KB). Loaded Objects now: 3684.
Memory consumption went from 50.0 MB to 49.9 MB.
Total: 5.582934 ms (FindLiveObjects: 0.341381 ms CreateObjectMapping: 0.257812 ms MarkObjects: 4.932536 ms  DeleteObjects: 0.049271 ms)

AssetImportParameters requested are different than current active one (requested -> active):
  custom:video-decoder-ogg-theora: a1e56fd34408186e4bbccfd4996cb3dc -> 
  custom:container-muxer-webm: aa71ff27fc2769a1b78a27578f13a17b -> 
  custom:container-demuxer-webm: 4f35f7cbe854078d1ac9338744f61a02 -> 
  custom:video-encoder-webm-vp8: eb34c28f22e8b96e1ab97ce403110664 -> 
  custom:framework-osx-AVFoundation: e770b220cccbd017edd2c1fefb359320 -> 
  custom:CustomObjectIndexerAttribute: bc11b3a6c3213fcdd17b65e7da85e133 -> 
  custom:audio-encoder-webm-vorbis: bf7c407c2cedff20999df2af8eb42d56 -> 
  custom:SearchIndexIgnoredProperties: e643bd26f0fe6173181afceb89e7c659 -> 
  custom:container-demuxer-ogg: 62fdf1f143b41e24485cea50d1cbac27 -> 
  custom:video-decoder-webm-vp8: 9c59270c3fd7afecdb556c50c9e8de78 -> 
  custom:audio-decoder-ogg-vorbis: bf7c407c2cedff20999df2af8eb42d56 -> 
========================================================================
Received Prepare
Registering precompiled user dll's ...
Registered in 0.004524 seconds.
Begin MonoManager ReloadAssembly
Native extension for OSXStandalone target not found
Native extension for WebGL target not found
Refreshing native plugins compatible for Editor in 0.70 ms, found 4 plugins.
Preloading 1 native plugins for Editor in 0.51 ms.
System.NullReferenceException: Object reference not set to an instance of an object
  at Zappar.Editor.ZapparUARSettingsProvider.GetOrCreateSettings () [0x00059] in /Users/narabikkina/Documents/Ich/Tatar party/Сабантуй/baursak-ar/Library/PackageCache/com.zappar.uar@1c682ec0d1/Editor/ZapparUARSettingsProvider.cs:148 
  at Zappar.Editor.PackageImportSettings.RefreshPackage () [0x00036] in /Users/narabikkina/Documents/Ich/Tatar party/Сабантуй/baursak-ar/Library/PackageCache/com.zappar.uar@1c682ec0d1/Editor/PackageImportSettings.cs:31 
  at Zappar.Editor.PackageImportSettings..cctor () [0x00000] in /Users/narabikkina/Documents/Ich/Tatar party/Сабантуй/baursak-ar/Library/PackageCache/com.zappar.uar@1c682ec0d1/Editor/PackageImportSettings.cs:13 
UnityEngine.StackTraceUtility:ExtractStackTrace () (at /Users/bokken/build/output/unity/unity/Runtime/Export/Scripting/StackTrace.cs:37)
UnityEngine.DebugLogHandler:LogFormat (UnityEngine.LogType,UnityEngine.Object,string,object[])
UnityEngine.Logger:Log (UnityEngine.LogType,object)
UnityEngine.Debug:LogError (object)
UnityEditor.EditorAssemblies:ProcessInitializeOnLoadAttributes (System.Type[]) (at /Users/bokken/build/output/unity/unity/Editor/Mono/EditorAssemblies.cs:134)

(Filename: /Users/bokken/build/output/unity/unity/Editor/Mono/EditorAssemblies.cs Line: 134)

[Package Manager] Server::EnsureServerProcessIsRunning -- launch failed, reason: Unity was launched with the -noUpm command-line argument
[Package Manager] Cannot connect to Unity Package Manager local server
Mono: successfully reloaded assembly
- Completed reload, in  1.933 seconds
Domain Reload Profiling:
	ReloadAssembly (1934ms)
		BeginReloadAssembly (200ms)
			ExecutionOrderSort (0ms)
			DisableScriptedObjects (8ms)
			BackupInstance (0ms)
			ReleaseScriptingObjects (0ms)
			CreateAndSetChildDomain (74ms)
		EndReloadAssembly (1599ms)
			LoadAssemblies (97ms)
			RebuildTransferFunctionScriptingTraits (0ms)
			SetupTypeCache (456ms)
			ReleaseScriptCaches (1ms)
			RebuildScriptCaches (66ms)
			SetupLoadedEditorAssemblies (920ms)
				LogAssemblyErrors (0ms)
				InitializePlatformSupportModulesInManaged (7ms)
				SetLoadedEditorAssemblies (1ms)
				RefreshPlugins (1ms)
				BeforeProcessingInitializeOnLoad (80ms)
				ProcessInitializeOnLoadAttributes (799ms)
				ProcessInitializeOnLoadMethodAttributes (30ms)
				AfterProcessingInitializeOnLoad (2ms)
				EditorAssembliesLoaded (0ms)
			ExecutionOrderSort2 (0ms)
			AwakeInstancesAfterBackupRestoration (7ms)
Platform modules already initialized, skipping
Refreshing native plugins compatible for Editor in 0.71 ms, found 4 plugins.
Preloading 1 native plugins for Editor in 0.49 ms.
Unloading 3126 Unused Serialized files (Serialized files now loaded: 0)
Unloading 36 unused Assets / (22.9 KB). Loaded Objects now: 3688.
Memory consumption went from 112.8 MB to 112.8 MB.
Total: 4.106945 ms (FindLiveObjects: 0.259903 ms CreateObjectMapping: 0.156625 ms MarkObjects: 3.645572 ms  DeleteObjects: 0.043385 ms)

AssetImportParameters requested are different than current active one (requested -> active):
  custom:video-decoder-ogg-theora: a1e56fd34408186e4bbccfd4996cb3dc -> 
  custom:container-muxer-webm: aa71ff27fc2769a1b78a27578f13a17b -> 
  custom:container-demuxer-webm: 4f35f7cbe854078d1ac9338744f61a02 -> 
  custom:video-encoder-webm-vp8: eb34c28f22e8b96e1ab97ce403110664 -> 
  custom:framework-osx-AVFoundation: e770b220cccbd017edd2c1fefb359320 -> 
  custom:CustomObjectIndexerAttribute: bc11b3a6c3213fcdd17b65e7da85e133 -> 
  custom:audio-encoder-webm-vorbis: bf7c407c2cedff20999df2af8eb42d56 -> 
  custom:SearchIndexIgnoredProperties: e643bd26f0fe6173181afceb89e7c659 -> 
  custom:container-demuxer-ogg: 62fdf1f143b41e24485cea50d1cbac27 -> 
  custom:video-decoder-webm-vp8: 9c59270c3fd7afecdb556c50c9e8de78 -> 
  custom:audio-decoder-ogg-vorbis: bf7c407c2cedff20999df2af8eb42d56 -> 
========================================================================
Received Prepare
Refreshing native plugins compatible for Editor in 12.66 ms, found 4 plugins.
Preloading 1 native plugins for Editor in 0.74 ms.
Unloading 33 Unused Serialized files (Serialized files now loaded: 0)
Unloading 33 unused Assets / (22.9 KB). Loaded Objects now: 3688.
Memory consumption went from 50.0 MB to 50.0 MB.
Total: 6.509799 ms (FindLiveObjects: 0.378083 ms CreateObjectMapping: 0.299732 ms MarkObjects: 5.783794 ms  DeleteObjects: 0.046321 ms)

AssetImportParameters requested are different than current active one (requested -> active):
  custom:video-decoder-ogg-theora: a1e56fd34408186e4bbccfd4996cb3dc -> 
  custom:container-muxer-webm: aa71ff27fc2769a1b78a27578f13a17b -> 
  custom:container-demuxer-webm: 4f35f7cbe854078d1ac9338744f61a02 -> 
  custom:video-encoder-webm-vp8: eb34c28f22e8b96e1ab97ce403110664 -> 
  custom:framework-osx-AVFoundation: e770b220cccbd017edd2c1fefb359320 -> 
  custom:CustomObjectIndexerAttribute: bc11b3a6c3213fcdd17b65e7da85e133 -> 
  custom:audio-encoder-webm-vorbis: bf7c407c2cedff20999df2af8eb42d56 -> 
  custom:SearchIndexIgnoredProperties: e643bd26f0fe6173181afceb89e7c659 -> 
  custom:container-demuxer-ogg: 62fdf1f143b41e24485cea50d1cbac27 -> 
  custom:video-decoder-webm-vp8: 9c59270c3fd7afecdb556c50c9e8de78 -> 
  custom:audio-decoder-ogg-vorbis: bf7c407c2cedff20999df2af8eb42d56 -> 
========================================================================
Received Prepare
Registering precompiled user dll's ...
Registered in 0.005839 seconds.
Begin MonoManager ReloadAssembly
Native extension for OSXStandalone target not found
Native extension for WebGL target not found
Refreshing native plugins compatible for Editor in 0.76 ms, found 4 plugins.
Preloading 1 native plugins for Editor in 0.69 ms.
System.NullReferenceException: Object reference not set to an instance of an object
  at Zappar.Editor.ZapparUARSettingsProvider.GetOrCreateSettings () [0x00059] in /Users/narabikkina/Documents/Ich/Tatar party/Сабантуй/baursak-ar/Library/PackageCache/com.zappar.uar@1c682ec0d1/Editor/ZapparUARSettingsProvider.cs:148 
  at Zappar.Editor.PackageImportSettings.RefreshPackage () [0x00036] in /Users/narabikkina/Documents/Ich/Tatar party/Сабантуй/baursak-ar/Library/PackageCache/com.zappar.uar@1c682ec0d1/Editor/PackageImportSettings.cs:31 
  at Zappar.Editor.PackageImportSettings..cctor () [0x00000] in /Users/narabikkina/Documents/Ich/Tatar party/Сабантуй/baursak-ar/Library/PackageCache/com.zappar.uar@1c682ec0d1/Editor/PackageImportSettings.cs:13 
UnityEngine.StackTraceUtility:ExtractStackTrace () (at /Users/bokken/build/output/unity/unity/Runtime/Export/Scripting/StackTrace.cs:37)
UnityEngine.DebugLogHandler:LogFormat (UnityEngine.LogType,UnityEngine.Object,string,object[])
UnityEngine.Logger:Log (UnityEngine.LogType,object)
UnityEngine.Debug:LogError (object)
UnityEditor.EditorAssemblies:ProcessInitializeOnLoadAttributes (System.Type[]) (at /Users/bokken/build/output/unity/unity/Editor/Mono/EditorAssemblies.cs:134)

(Filename: /Users/bokken/build/output/unity/unity/Editor/Mono/EditorAssemblies.cs Line: 134)

[Package Manager] Server::EnsureServerProcessIsRunning -- launch failed, reason: Unity was launched with the -noUpm command-line argument
[Package Manager] Cannot connect to Unity Package Manager local server
Mono: successfully reloaded assembly
- Completed reload, in  1.946 seconds
Domain Reload Profiling:
	ReloadAssembly (1947ms)
		BeginReloadAssembly (204ms)
			ExecutionOrderSort (0ms)
			DisableScriptedObjects (8ms)
			BackupInstance (0ms)
			ReleaseScriptingObjects (0ms)
			CreateAndSetChildDomain (80ms)
		EndReloadAssembly (1603ms)
			LoadAssemblies (93ms)
			RebuildTransferFunctionScriptingTraits (0ms)
			SetupTypeCache (467ms)
			ReleaseScriptCaches (2ms)
			RebuildScriptCaches (67ms)
			SetupLoadedEditorAssemblies (908ms)
				LogAssemblyErrors (0ms)
				InitializePlatformSupportModulesInManaged (7ms)
				SetLoadedEditorAssemblies (1ms)
				RefreshPlugins (2ms)
				BeforeProcessingInitializeOnLoad (83ms)
				ProcessInitializeOnLoadAttributes (784ms)
				ProcessInitializeOnLoadMethodAttributes (29ms)
				AfterProcessingInitializeOnLoad (2ms)
				EditorAssembliesLoaded (0ms)
			ExecutionOrderSort2 (0ms)
			AwakeInstancesAfterBackupRestoration (7ms)
Platform modules already initialized, skipping
Refreshing native plugins compatible for Editor in 0.81 ms, found 4 plugins.
Preloading 1 native plugins for Editor in 0.50 ms.
Unloading 3126 Unused Serialized files (Serialized files now loaded: 0)
Unloading 36 unused Assets / (23.0 KB). Loaded Objects now: 3692.
Memory consumption went from 112.9 MB to 112.8 MB.
Total: 3.884977 ms (FindLiveObjects: 0.256860 ms CreateObjectMapping: 0.153686 ms MarkObjects: 3.425053 ms  DeleteObjects: 0.047864 ms)

AssetImportParameters requested are different than current active one (requested -> active):
  custom:video-decoder-ogg-theora: a1e56fd34408186e4bbccfd4996cb3dc -> 
  custom:container-muxer-webm: aa71ff27fc2769a1b78a27578f13a17b -> 
  custom:container-demuxer-webm: 4f35f7cbe854078d1ac9338744f61a02 -> 
  custom:video-encoder-webm-vp8: eb34c28f22e8b96e1ab97ce403110664 -> 
  custom:framework-osx-AVFoundation: e770b220cccbd017edd2c1fefb359320 -> 
  custom:CustomObjectIndexerAttribute: bc11b3a6c3213fcdd17b65e7da85e133 -> 
  custom:audio-encoder-webm-vorbis: bf7c407c2cedff20999df2af8eb42d56 -> 
  custom:SearchIndexIgnoredProperties: e643bd26f0fe6173181afceb89e7c659 -> 
  custom:container-demuxer-ogg: 62fdf1f143b41e24485cea50d1cbac27 -> 
  custom:video-decoder-webm-vp8: 9c59270c3fd7afecdb556c50c9e8de78 -> 
  custom:audio-decoder-ogg-vorbis: bf7c407c2cedff20999df2af8eb42d56 -> 
========================================================================
Received Prepare
Refreshing native plugins compatible for Editor in 11.34 ms, found 4 plugins.
Preloading 1 native plugins for Editor in 0.90 ms.
Unloading 33 Unused Serialized files (Serialized files now loaded: 0)
Unloading 33 unused Assets / (22.0 KB). Loaded Objects now: 3692.
Memory consumption went from 50.0 MB to 50.0 MB.
Total: 7.096622 ms (FindLiveObjects: 0.334897 ms CreateObjectMapping: 0.267745 ms MarkObjects: 6.449994 ms  DeleteObjects: 0.042509 ms)

AssetImportParameters requested are different than current active one (requested -> active):
  custom:video-decoder-ogg-theora: a1e56fd34408186e4bbccfd4996cb3dc -> 
  custom:container-muxer-webm: aa71ff27fc2769a1b78a27578f13a17b -> 
  custom:container-demuxer-webm: 4f35f7cbe854078d1ac9338744f61a02 -> 
  custom:video-encoder-webm-vp8: eb34c28f22e8b96e1ab97ce403110664 -> 
  custom:framework-osx-AVFoundation: e770b220cccbd017edd2c1fefb359320 -> 
  custom:CustomObjectIndexerAttribute: bc11b3a6c3213fcdd17b65e7da85e133 -> 
  custom:audio-encoder-webm-vorbis: bf7c407c2cedff20999df2af8eb42d56 -> 
  custom:SearchIndexIgnoredProperties: e643bd26f0fe6173181afceb89e7c659 -> 
  custom:container-demuxer-ogg: 62fdf1f143b41e24485cea50d1cbac27 -> 
  custom:video-decoder-webm-vp8: 9c59270c3fd7afecdb556c50c9e8de78 -> 
  custom:audio-decoder-ogg-vorbis: bf7c407c2cedff20999df2af8eb42d56 -> 
