Unity Editor version:    2021.3.35f1 (157b46ce122a)
Branch:                  2021.3/staging
Build type:              Release
Batch mode:              YES
macOS version:           Version 15.4.1 (Build 24E263)
Darwin version:          24.4.0
Architecture:            x86_64
Running under Rosetta:   NO
Available memory:        32768 MB
Using pre-set license
Pro License: YES

COMMAND LINE ARGUMENTS:
/Applications/Unity/Hub/Editor/2021.3.35f1/Unity.app/Contents/MacOS/Unity
-adb2
-batchMode
-noUpm
-name
AssetImportWorker0
-projectPath
/Users/narabikkina/Documents/Ich/Tatar party/Сабантуй/baursak-ar
-logFile
Logs/AssetImportWorker0.log
-srvPort
52152
Successfully changed project path to: /Users/narabikkina/Documents/Ich/Tatar party/Сабантуй/baursak-ar
/Users/narabikkina/Documents/Ich/Tatar party/Сабантуй/baursak-ar
[UnityMemory] Configuration Parameters - Can be set up in boot.config
    "memorysetup-bucket-allocator-granularity=16"
    "memorysetup-bucket-allocator-bucket-count=8"
    "memorysetup-bucket-allocator-block-size=33554432"
    "memorysetup-bucket-allocator-block-count=8"
    "memorysetup-main-allocator-block-size=16777216"
    "memorysetup-thread-allocator-block-size=16777216"
    "memorysetup-gfx-main-allocator-block-size=16777216"
    "memorysetup-gfx-thread-allocator-block-size=16777216"
    "memorysetup-cache-allocator-block-size=4194304"
    "memorysetup-typetree-allocator-block-size=2097152"
    "memorysetup-profiler-bucket-allocator-granularity=16"
    "memorysetup-profiler-bucket-allocator-bucket-count=8"
    "memorysetup-profiler-bucket-allocator-block-size=33554432"
    "memorysetup-profiler-bucket-allocator-block-count=8"
    "memorysetup-profiler-allocator-block-size=16777216"
    "memorysetup-profiler-editor-allocator-block-size=1048576"
    "memorysetup-temp-allocator-size-main=16777216"
    "memorysetup-job-temp-allocator-block-size=2097152"
    "memorysetup-job-temp-allocator-block-size-background=1048576"
    "memorysetup-job-temp-allocator-reduction-small-platforms=262144"
    "memorysetup-temp-allocator-size-background-worker=32768"
    "memorysetup-temp-allocator-size-job-worker=262144"
    "memorysetup-temp-allocator-size-preload-manager=33554432"
    "memorysetup-temp-allocator-size-nav-mesh-worker=65536"
    "memorysetup-temp-allocator-size-audio-worker=65536"
    "memorysetup-temp-allocator-size-cloud-worker=32768"
    "memorysetup-temp-allocator-size-gi-baking-worker=262144"
    "memorysetup-temp-allocator-size-gfx=262144"
Player connection [140704363748288] Host "[IP] 192.168.0.108 [Port] 0 [Flags] 2 [Guid] 414686514 [EditorId] 414686514 [Version] 1048832 [Id] OSXEditor(0,MacBook-Pro.local) [Debug] 1 [PackageName] OSXEditor [ProjectName] Editor" joined multi-casting on [225.0.0.222:54997]...

Player connection [140704363748288] Host "[IP] 192.168.0.108 [Port] 0 [Flags] 2 [Guid] 414686514 [EditorId] 414686514 [Version] 1048832 [Id] OSXEditor(0,MacBook-Pro.local) [Debug] 1 [PackageName] OSXEditor [ProjectName] Editor" joined alternative multi-casting on [225.0.0.222:34997]...

[Physics::Module] Initialized MultithreadedJobDispatcher with {0} workers.
Refreshing native plugins compatible for Editor in 128.71 ms, found 4 plugins.
Preloading 1 native plugins for Editor in 3.45 ms.
Initialize engine version: 2021.3.35f1 (157b46ce122a)
[Subsystems] Discovering subsystems at path /Applications/Unity/Hub/Editor/2021.3.35f1/Unity.app/Contents/Resources/UnitySubsystems
[Subsystems] Discovering subsystems at path /Users/narabikkina/Documents/Ich/Tatar party/Сабантуй/baursak-ar/Assets
GfxDevice: creating device client; threaded=0; jobified=0
Color LCD preferred device: Intel(R) Iris(TM) Plus Graphics (low power)
Metal devices available: 1
0: Intel(R) Iris(TM) Plus Graphics (low power)
Using device Intel(R) Iris(TM) Plus Graphics (low power)
Initializing Metal device caps: Intel(R) Iris(TM) Plus Graphics
Initialize mono
Mono path[0] = '/Applications/Unity/Hub/Editor/2021.3.35f1/Unity.app/Contents/Managed'
Mono path[1] = '/Applications/Unity/Hub/Editor/2021.3.35f1/Unity.app/Contents/MonoBleedingEdge/lib/mono/unityjit-macos'
Mono config path = '/Applications/Unity/Hub/Editor/2021.3.35f1/Unity.app/Contents/MonoBleedingEdge/etc'
Using monoOptions --debugger-agent=transport=dt_socket,embedding=1,server=y,suspend=n,address=127.0.0.1:56897
Begin MonoManager ReloadAssembly
Registering precompiled unity dll's ...
Register platform support module: /Applications/Unity/Hub/Editor/2021.3.35f1/PlaybackEngines/WebGLSupport/UnityEditor.WebGL.Extensions.dll
Register platform support module: /Applications/Unity/Hub/Editor/2021.3.35f1/Unity.app/Contents/PlaybackEngines/MacStandaloneSupport/UnityEditor.OSXStandalone.Extensions.dll
Registered in 0.003563 seconds.
Native extension for OSXStandalone target not found
Native extension for WebGL target not found
Refreshing native plugins compatible for Editor in 119.23 ms, found 4 plugins.
Preloading 1 native plugins for Editor in 0.57 ms.
Mono: successfully reloaded assembly
- Completed reload, in  1.165 seconds
Domain Reload Profiling:
	ReloadAssembly (1166ms)
		BeginReloadAssembly (147ms)
			ExecutionOrderSort (0ms)
			DisableScriptedObjects (0ms)
			BackupInstance (0ms)
			ReleaseScriptingObjects (0ms)
			CreateAndSetChildDomain (1ms)
		EndReloadAssembly (860ms)
			LoadAssemblies (148ms)
			RebuildTransferFunctionScriptingTraits (0ms)
			SetupTypeCache (211ms)
			ReleaseScriptCaches (0ms)
			RebuildScriptCaches (50ms)
			SetupLoadedEditorAssemblies (524ms)
				LogAssemblyErrors (0ms)
				InitializePlatformSupportModulesInManaged (12ms)
				SetLoadedEditorAssemblies (0ms)
				RefreshPlugins (120ms)
				BeforeProcessingInitializeOnLoad (2ms)
				ProcessInitializeOnLoadAttributes (308ms)
				ProcessInitializeOnLoadMethodAttributes (81ms)
				AfterProcessingInitializeOnLoad (0ms)
				EditorAssembliesLoaded (0ms)
			ExecutionOrderSort2 (0ms)
			AwakeInstancesAfterBackupRestoration (0ms)
Platform modules already initialized, skipping
Registering precompiled user dll's ...
Registered in 0.004148 seconds.
Begin MonoManager ReloadAssembly
Native extension for OSXStandalone target not found
Native extension for WebGL target not found
Refreshing native plugins compatible for Editor in 0.68 ms, found 4 plugins.
Preloading 1 native plugins for Editor in 0.65 ms.
System.NullReferenceException: Object reference not set to an instance of an object
  at Zappar.Editor.ZapparUARSettingsProvider.GetOrCreateSettings () [0x00016] in /Users/narabikkina/Documents/Ich/Tatar party/Сабантуй/baursak-ar/Library/PackageCache/com.zappar.uar@1c682ec0d1/Editor/ZapparUARSettingsProvider.cs:141 
  at Zappar.Editor.PackageImportSettings.RefreshPackage () [0x00036] in /Users/narabikkina/Documents/Ich/Tatar party/Сабантуй/baursak-ar/Library/PackageCache/com.zappar.uar@1c682ec0d1/Editor/PackageImportSettings.cs:31 
  at Zappar.Editor.PackageImportSettings..cctor () [0x00000] in /Users/narabikkina/Documents/Ich/Tatar party/Сабантуй/baursak-ar/Library/PackageCache/com.zappar.uar@1c682ec0d1/Editor/PackageImportSettings.cs:13 
UnityEngine.StackTraceUtility:ExtractStackTrace () (at /Users/bokken/build/output/unity/unity/Runtime/Export/Scripting/StackTrace.cs:37)
UnityEngine.DebugLogHandler:LogFormat (UnityEngine.LogType,UnityEngine.Object,string,object[])
UnityEngine.Logger:Log (UnityEngine.LogType,object)
UnityEngine.Debug:LogError (object)
UnityEditor.EditorAssemblies:ProcessInitializeOnLoadAttributes (System.Type[]) (at /Users/bokken/build/output/unity/unity/Editor/Mono/EditorAssemblies.cs:134)

(Filename: /Users/bokken/build/output/unity/unity/Editor/Mono/EditorAssemblies.cs Line: 134)

Package Manager log level set to [2]
[Package Manager] Server::EnsureServerProcessIsRunning -- launch failed, reason: Unity was launched with the -noUpm command-line argument
[Package Manager] Cannot connect to Unity Package Manager local server
Mono: successfully reloaded assembly
- Completed reload, in  1.867 seconds
Domain Reload Profiling:
	ReloadAssembly (1869ms)
		BeginReloadAssembly (222ms)
			ExecutionOrderSort (0ms)
			DisableScriptedObjects (11ms)
			BackupInstance (0ms)
			ReleaseScriptingObjects (0ms)
			CreateAndSetChildDomain (42ms)
		EndReloadAssembly (1432ms)
			LoadAssemblies (154ms)
			RebuildTransferFunctionScriptingTraits (0ms)
			SetupTypeCache (484ms)
			ReleaseScriptCaches (1ms)
			RebuildScriptCaches (85ms)
			SetupLoadedEditorAssemblies (693ms)
				LogAssemblyErrors (0ms)
				InitializePlatformSupportModulesInManaged (8ms)
				SetLoadedEditorAssemblies (1ms)
				RefreshPlugins (1ms)
				BeforeProcessingInitializeOnLoad (121ms)
				ProcessInitializeOnLoadAttributes (530ms)
				ProcessInitializeOnLoadMethodAttributes (30ms)
				AfterProcessingInitializeOnLoad (2ms)
				EditorAssembliesLoaded (0ms)
			ExecutionOrderSort2 (0ms)
			AwakeInstancesAfterBackupRestoration (6ms)
Platform modules already initialized, skipping
========================================================================
Worker process is ready to serve import requests
Launching external process: /Applications/Unity/Hub/Editor/2021.3.35f1/Unity.app/Contents/Tools/UnityShaderCompiler
Launched and connected shader compiler UnityShaderCompiler after 0.10 seconds
Refreshing native plugins compatible for Editor in 0.67 ms, found 4 plugins.
Preloading 1 native plugins for Editor in 0.49 ms.
Unloading 3135 Unused Serialized files (Serialized files now loaded: 0)
Unloading 41 unused Assets / (40.5 KB). Loaded Objects now: 3577.
Memory consumption went from 106.7 MB to 106.7 MB.
Total: 5.445997 ms (FindLiveObjects: 0.391910 ms CreateObjectMapping: 0.353717 ms MarkObjects: 4.482884 ms  DeleteObjects: 0.215138 ms)

AssetImportParameters requested are different than current active one (requested -> active):
  custom:video-decoder-ogg-theora: a1e56fd34408186e4bbccfd4996cb3dc -> 
  custom:container-muxer-webm: aa71ff27fc2769a1b78a27578f13a17b -> 
  custom:container-demuxer-webm: 4f35f7cbe854078d1ac9338744f61a02 -> 
  custom:video-encoder-webm-vp8: eb34c28f22e8b96e1ab97ce403110664 -> 
  custom:framework-osx-AVFoundation: e770b220cccbd017edd2c1fefb359320 -> 
  custom:CustomObjectIndexerAttribute: bc11b3a6c3213fcdd17b65e7da85e133 -> 
  custom:audio-encoder-webm-vorbis: bf7c407c2cedff20999df2af8eb42d56 -> 
  custom:SearchIndexIgnoredProperties: e643bd26f0fe6173181afceb89e7c659 -> 
  custom:container-demuxer-ogg: 62fdf1f143b41e24485cea50d1cbac27 -> 
  custom:video-decoder-webm-vp8: 9c59270c3fd7afecdb556c50c9e8de78 -> 
  custom:audio-decoder-ogg-vorbis: bf7c407c2cedff20999df2af8eb42d56 -> 
========================================================================
Received Import Request.
  Time since last request: 73552.813905 seconds.
  path: Assets/StreamingAssets/cover.zpt
  artifactKey: Guid(ad02fa987a939405faed32f54d9c12c0) Importer(815301076,1909f56bfc062723c751e8b465ee728b)
Number of updated assets reloaded before import = 0
Start importing Assets/StreamingAssets/cover.zpt using Guid(ad02fa987a939405faed32f54d9c12c0) Importer(815301076,1909f56bfc062723c751e8b465ee728b)  -> (artifact id: '526f242a0fc9c0dadd81f00a2fb07da5') in 0.209019 seconds 
Number of asset objects unloaded after import = 1
========================================================================
Received Prepare
Registering precompiled user dll's ...
Registered in 0.003796 seconds.
Begin MonoManager ReloadAssembly
Native extension for OSXStandalone target not found
Native extension for WebGL target not found
Refreshing native plugins compatible for Editor in 0.72 ms, found 4 plugins.
Preloading 1 native plugins for Editor in 0.83 ms.
System.NullReferenceException: Object reference not set to an instance of an object
  at Zappar.Editor.ZapparUARSettingsProvider.GetOrCreateSettings () [0x00059] in /Users/narabikkina/Documents/Ich/Tatar party/Сабантуй/baursak-ar/Library/PackageCache/com.zappar.uar@1c682ec0d1/Editor/ZapparUARSettingsProvider.cs:148 
  at Zappar.Editor.PackageImportSettings.RefreshPackage () [0x00036] in /Users/narabikkina/Documents/Ich/Tatar party/Сабантуй/baursak-ar/Library/PackageCache/com.zappar.uar@1c682ec0d1/Editor/PackageImportSettings.cs:31 
  at Zappar.Editor.PackageImportSettings..cctor () [0x00000] in /Users/narabikkina/Documents/Ich/Tatar party/Сабантуй/baursak-ar/Library/PackageCache/com.zappar.uar@1c682ec0d1/Editor/PackageImportSettings.cs:13 
UnityEngine.StackTraceUtility:ExtractStackTrace () (at /Users/bokken/build/output/unity/unity/Runtime/Export/Scripting/StackTrace.cs:37)
UnityEngine.DebugLogHandler:LogFormat (UnityEngine.LogType,UnityEngine.Object,string,object[])
UnityEngine.Logger:Log (UnityEngine.LogType,object)
UnityEngine.Debug:LogError (object)
UnityEditor.EditorAssemblies:ProcessInitializeOnLoadAttributes (System.Type[]) (at /Users/bokken/build/output/unity/unity/Editor/Mono/EditorAssemblies.cs:134)

(Filename: /Users/bokken/build/output/unity/unity/Editor/Mono/EditorAssemblies.cs Line: 134)

[Package Manager] Server::EnsureServerProcessIsRunning -- launch failed, reason: Unity was launched with the -noUpm command-line argument
[Package Manager] Cannot connect to Unity Package Manager local server
Mono: successfully reloaded assembly
- Completed reload, in  2.468 seconds
Domain Reload Profiling:
	ReloadAssembly (2469ms)
		BeginReloadAssembly (223ms)
			ExecutionOrderSort (0ms)
			DisableScriptedObjects (10ms)
			BackupInstance (0ms)
			ReleaseScriptingObjects (0ms)
			CreateAndSetChildDomain (83ms)
		EndReloadAssembly (2094ms)
			LoadAssemblies (108ms)
			RebuildTransferFunctionScriptingTraits (0ms)
			SetupTypeCache (525ms)
			ReleaseScriptCaches (2ms)
			RebuildScriptCaches (72ms)
			SetupLoadedEditorAssemblies (1290ms)
				LogAssemblyErrors (0ms)
				InitializePlatformSupportModulesInManaged (9ms)
				SetLoadedEditorAssemblies (1ms)
				RefreshPlugins (2ms)
				BeforeProcessingInitializeOnLoad (90ms)
				ProcessInitializeOnLoadAttributes (1147ms)
				ProcessInitializeOnLoadMethodAttributes (39ms)
				AfterProcessingInitializeOnLoad (2ms)
				EditorAssembliesLoaded (0ms)
			ExecutionOrderSort2 (0ms)
			AwakeInstancesAfterBackupRestoration (10ms)
Platform modules already initialized, skipping
Refreshing native plugins compatible for Editor in 1.08 ms, found 4 plugins.
Preloading 1 native plugins for Editor in 0.69 ms.
Unloading 3124 Unused Serialized files (Serialized files now loaded: 0)
Unloading 36 unused Assets / (21.9 KB). Loaded Objects now: 3582.
Memory consumption went from 110.3 MB to 110.3 MB.
Total: 5.262895 ms (FindLiveObjects: 0.452220 ms CreateObjectMapping: 0.224070 ms MarkObjects: 4.545987 ms  DeleteObjects: 0.037981 ms)

AssetImportParameters requested are different than current active one (requested -> active):
  custom:video-decoder-ogg-theora: a1e56fd34408186e4bbccfd4996cb3dc -> 
  custom:container-muxer-webm: aa71ff27fc2769a1b78a27578f13a17b -> 
  custom:container-demuxer-webm: 4f35f7cbe854078d1ac9338744f61a02 -> 
  custom:video-encoder-webm-vp8: eb34c28f22e8b96e1ab97ce403110664 -> 
  custom:framework-osx-AVFoundation: e770b220cccbd017edd2c1fefb359320 -> 
  custom:CustomObjectIndexerAttribute: bc11b3a6c3213fcdd17b65e7da85e133 -> 
  custom:audio-encoder-webm-vorbis: bf7c407c2cedff20999df2af8eb42d56 -> 
  custom:SearchIndexIgnoredProperties: e643bd26f0fe6173181afceb89e7c659 -> 
  custom:container-demuxer-ogg: 62fdf1f143b41e24485cea50d1cbac27 -> 
  custom:video-decoder-webm-vp8: 9c59270c3fd7afecdb556c50c9e8de78 -> 
  custom:audio-decoder-ogg-vorbis: bf7c407c2cedff20999df2af8eb42d56 -> 
========================================================================
Received Prepare
Registering precompiled user dll's ...
Registered in 0.003522 seconds.
Begin MonoManager ReloadAssembly
Native extension for OSXStandalone target not found
Native extension for WebGL target not found
Refreshing native plugins compatible for Editor in 1.04 ms, found 4 plugins.
Preloading 1 native plugins for Editor in 0.84 ms.
System.NullReferenceException: Object reference not set to an instance of an object
  at Zappar.Editor.ZapparUARSettingsProvider.GetOrCreateSettings () [0x00059] in /Users/narabikkina/Documents/Ich/Tatar party/Сабантуй/baursak-ar/Library/PackageCache/com.zappar.uar@1c682ec0d1/Editor/ZapparUARSettingsProvider.cs:148 
  at Zappar.Editor.PackageImportSettings.RefreshPackage () [0x00036] in /Users/narabikkina/Documents/Ich/Tatar party/Сабантуй/baursak-ar/Library/PackageCache/com.zappar.uar@1c682ec0d1/Editor/PackageImportSettings.cs:31 
  at Zappar.Editor.PackageImportSettings..cctor () [0x00000] in /Users/narabikkina/Documents/Ich/Tatar party/Сабантуй/baursak-ar/Library/PackageCache/com.zappar.uar@1c682ec0d1/Editor/PackageImportSettings.cs:13 
UnityEngine.StackTraceUtility:ExtractStackTrace () (at /Users/bokken/build/output/unity/unity/Runtime/Export/Scripting/StackTrace.cs:37)
UnityEngine.DebugLogHandler:LogFormat (UnityEngine.LogType,UnityEngine.Object,string,object[])
UnityEngine.Logger:Log (UnityEngine.LogType,object)
UnityEngine.Debug:LogError (object)
UnityEditor.EditorAssemblies:ProcessInitializeOnLoadAttributes (System.Type[]) (at /Users/bokken/build/output/unity/unity/Editor/Mono/EditorAssemblies.cs:134)

(Filename: /Users/bokken/build/output/unity/unity/Editor/Mono/EditorAssemblies.cs Line: 134)

[Package Manager] Server::EnsureServerProcessIsRunning -- launch failed, reason: Unity was launched with the -noUpm command-line argument
[Package Manager] Cannot connect to Unity Package Manager local server
Mono: successfully reloaded assembly
- Completed reload, in  2.642 seconds
Domain Reload Profiling:
	ReloadAssembly (2644ms)
		BeginReloadAssembly (224ms)
			ExecutionOrderSort (0ms)
			DisableScriptedObjects (8ms)
			BackupInstance (0ms)
			ReleaseScriptingObjects (0ms)
			CreateAndSetChildDomain (86ms)
		EndReloadAssembly (2263ms)
			LoadAssemblies (108ms)
			RebuildTransferFunctionScriptingTraits (0ms)
			SetupTypeCache (477ms)
			ReleaseScriptCaches (2ms)
			RebuildScriptCaches (102ms)
			SetupLoadedEditorAssemblies (1370ms)
				LogAssemblyErrors (0ms)
				InitializePlatformSupportModulesInManaged (20ms)
				SetLoadedEditorAssemblies (1ms)
				RefreshPlugins (2ms)
				BeforeProcessingInitializeOnLoad (153ms)
				ProcessInitializeOnLoadAttributes (1141ms)
				ProcessInitializeOnLoadMethodAttributes (48ms)
				AfterProcessingInitializeOnLoad (3ms)
				EditorAssembliesLoaded (1ms)
			ExecutionOrderSort2 (0ms)
			AwakeInstancesAfterBackupRestoration (14ms)
Platform modules already initialized, skipping
Refreshing native plugins compatible for Editor in 1.59 ms, found 4 plugins.
Preloading 1 native plugins for Editor in 1.37 ms.
Unloading 3124 Unused Serialized files (Serialized files now loaded: 0)
Unloading 36 unused Assets / (23.0 KB). Loaded Objects now: 3586.
Memory consumption went from 110.3 MB to 110.3 MB.
Total: 6.361281 ms (FindLiveObjects: 0.611171 ms CreateObjectMapping: 0.526956 ms MarkObjects: 5.176748 ms  DeleteObjects: 0.043648 ms)

AssetImportParameters requested are different than current active one (requested -> active):
  custom:video-decoder-ogg-theora: a1e56fd34408186e4bbccfd4996cb3dc -> 
  custom:container-muxer-webm: aa71ff27fc2769a1b78a27578f13a17b -> 
  custom:container-demuxer-webm: 4f35f7cbe854078d1ac9338744f61a02 -> 
  custom:video-encoder-webm-vp8: eb34c28f22e8b96e1ab97ce403110664 -> 
  custom:framework-osx-AVFoundation: e770b220cccbd017edd2c1fefb359320 -> 
  custom:CustomObjectIndexerAttribute: bc11b3a6c3213fcdd17b65e7da85e133 -> 
  custom:audio-encoder-webm-vorbis: bf7c407c2cedff20999df2af8eb42d56 -> 
  custom:SearchIndexIgnoredProperties: e643bd26f0fe6173181afceb89e7c659 -> 
  custom:container-demuxer-ogg: 62fdf1f143b41e24485cea50d1cbac27 -> 
  custom:video-decoder-webm-vp8: 9c59270c3fd7afecdb556c50c9e8de78 -> 
  custom:audio-decoder-ogg-vorbis: bf7c407c2cedff20999df2af8eb42d56 -> 
========================================================================
Received Import Request.
  Time since last request: 890.572707 seconds.
  path: Assets/Materials/cover.mat
  artifactKey: Guid(8e9776d5f474748b28688e8dc4ffd608) Importer(815301076,1909f56bfc062723c751e8b465ee728b)
Number of updated assets reloaded before import = 0
Start importing Assets/Materials/cover.mat using Guid(8e9776d5f474748b28688e8dc4ffd608) Importer(815301076,1909f56bfc062723c751e8b465ee728b)  -> (artifact id: '63bcefa45c442db17099667520c04df4') in 0.524861 seconds 
Number of asset objects unloaded after import = 2
========================================================================
Received Import Request.
  Time since last request: 29.491977 seconds.
  path: Assets/Materials/New Material.mat
  artifactKey: Guid(fa1d466cab6b2432b92324005655a64d) Importer(815301076,1909f56bfc062723c751e8b465ee728b)
Number of updated assets reloaded before import = 0
Start importing Assets/Materials/New Material.mat using Guid(fa1d466cab6b2432b92324005655a64d) Importer(815301076,1909f56bfc062723c751e8b465ee728b)  -> (artifact id: 'f85587ed9b8c022e5cdeeb033df6095a') in 0.027691 seconds 
Number of asset objects unloaded after import = 1
========================================================================
Received Import Request.
  Time since last request: 95.257076 seconds.
  path: Assets/Materials/New Render Texture.renderTexture
  artifactKey: Guid(663f67655e8024397a2a77253fdd557a) Importer(815301076,1909f56bfc062723c751e8b465ee728b)
Number of updated assets reloaded before import = 0
Start importing Assets/Materials/New Render Texture.renderTexture using Guid(663f67655e8024397a2a77253fdd557a) Importer(815301076,1909f56bfc062723c751e8b465ee728b)  -> (artifact id: '3e5daa22aa2b8a2c947fcf9243b48bc9') in 0.148138 seconds 
Number of asset objects unloaded after import = 2
========================================================================
Received Prepare
Registering precompiled user dll's ...
Registered in 0.003812 seconds.
Begin MonoManager ReloadAssembly
Native extension for OSXStandalone target not found
Native extension for WebGL target not found
Refreshing native plugins compatible for Editor in 1.51 ms, found 4 plugins.
Preloading 1 native plugins for Editor in 1.71 ms.
System.NullReferenceException: Object reference not set to an instance of an object
  at Zappar.Editor.ZapparUARSettingsProvider.GetOrCreateSettings () [0x00059] in /Users/narabikkina/Documents/Ich/Tatar party/Сабантуй/baursak-ar/Library/PackageCache/com.zappar.uar@1c682ec0d1/Editor/ZapparUARSettingsProvider.cs:148 
  at Zappar.Editor.PackageImportSettings.RefreshPackage () [0x00036] in /Users/narabikkina/Documents/Ich/Tatar party/Сабантуй/baursak-ar/Library/PackageCache/com.zappar.uar@1c682ec0d1/Editor/PackageImportSettings.cs:31 
  at Zappar.Editor.PackageImportSettings..cctor () [0x00000] in /Users/narabikkina/Documents/Ich/Tatar party/Сабантуй/baursak-ar/Library/PackageCache/com.zappar.uar@1c682ec0d1/Editor/PackageImportSettings.cs:13 
UnityEngine.StackTraceUtility:ExtractStackTrace () (at /Users/bokken/build/output/unity/unity/Runtime/Export/Scripting/StackTrace.cs:37)
UnityEngine.DebugLogHandler:LogFormat (UnityEngine.LogType,UnityEngine.Object,string,object[])
UnityEngine.Logger:Log (UnityEngine.LogType,object)
UnityEngine.Debug:LogError (object)
UnityEditor.EditorAssemblies:ProcessInitializeOnLoadAttributes (System.Type[]) (at /Users/bokken/build/output/unity/unity/Editor/Mono/EditorAssemblies.cs:134)

(Filename: /Users/bokken/build/output/unity/unity/Editor/Mono/EditorAssemblies.cs Line: 134)

[Package Manager] Server::EnsureServerProcessIsRunning -- launch failed, reason: Unity was launched with the -noUpm command-line argument
[Package Manager] Cannot connect to Unity Package Manager local server
Mono: successfully reloaded assembly
- Completed reload, in  3.044 seconds
Domain Reload Profiling:
	ReloadAssembly (3045ms)
		BeginReloadAssembly (217ms)
			ExecutionOrderSort (0ms)
			DisableScriptedObjects (7ms)
			BackupInstance (0ms)
			ReleaseScriptingObjects (0ms)
			CreateAndSetChildDomain (85ms)
		EndReloadAssembly (2675ms)
			LoadAssemblies (104ms)
			RebuildTransferFunctionScriptingTraits (0ms)
			SetupTypeCache (627ms)
			ReleaseScriptCaches (3ms)
			RebuildScriptCaches (131ms)
			SetupLoadedEditorAssemblies (1630ms)
				LogAssemblyErrors (0ms)
				InitializePlatformSupportModulesInManaged (13ms)
				SetLoadedEditorAssemblies (2ms)
				RefreshPlugins (3ms)
				BeforeProcessingInitializeOnLoad (163ms)
				ProcessInitializeOnLoadAttributes (1393ms)
				ProcessInitializeOnLoadMethodAttributes (52ms)
				AfterProcessingInitializeOnLoad (3ms)
				EditorAssembliesLoaded (0ms)
			ExecutionOrderSort2 (0ms)
			AwakeInstancesAfterBackupRestoration (14ms)
Platform modules already initialized, skipping
Refreshing native plugins compatible for Editor in 1.47 ms, found 4 plugins.
Preloading 1 native plugins for Editor in 1.38 ms.
Unloading 3124 Unused Serialized files (Serialized files now loaded: 0)
Unloading 36 unused Assets / (21.9 KB). Loaded Objects now: 3632.
Memory consumption went from 121.0 MB to 120.9 MB.
Total: 7.148810 ms (FindLiveObjects: 0.626163 ms CreateObjectMapping: 0.406237 ms MarkObjects: 6.076402 ms  DeleteObjects: 0.037252 ms)

AssetImportParameters requested are different than current active one (requested -> active):
  custom:video-decoder-ogg-theora: a1e56fd34408186e4bbccfd4996cb3dc -> 
  custom:container-muxer-webm: aa71ff27fc2769a1b78a27578f13a17b -> 
  custom:container-demuxer-webm: 4f35f7cbe854078d1ac9338744f61a02 -> 
  custom:video-encoder-webm-vp8: eb34c28f22e8b96e1ab97ce403110664 -> 
  custom:framework-osx-AVFoundation: e770b220cccbd017edd2c1fefb359320 -> 
  custom:CustomObjectIndexerAttribute: bc11b3a6c3213fcdd17b65e7da85e133 -> 
  custom:audio-encoder-webm-vorbis: bf7c407c2cedff20999df2af8eb42d56 -> 
  custom:SearchIndexIgnoredProperties: e643bd26f0fe6173181afceb89e7c659 -> 
  custom:container-demuxer-ogg: 62fdf1f143b41e24485cea50d1cbac27 -> 
  custom:video-decoder-webm-vp8: 9c59270c3fd7afecdb556c50c9e8de78 -> 
  custom:audio-decoder-ogg-vorbis: bf7c407c2cedff20999df2af8eb42d56 -> 
========================================================================
Received Prepare
Registering precompiled user dll's ...
Registered in 0.003593 seconds.
Begin MonoManager ReloadAssembly
Native extension for OSXStandalone target not found
Native extension for WebGL target not found
Refreshing native plugins compatible for Editor in 1.11 ms, found 4 plugins.
Preloading 1 native plugins for Editor in 0.90 ms.
System.NullReferenceException: Object reference not set to an instance of an object
  at Zappar.Editor.ZapparUARSettingsProvider.GetOrCreateSettings () [0x00059] in /Users/narabikkina/Documents/Ich/Tatar party/Сабантуй/baursak-ar/Library/PackageCache/com.zappar.uar@1c682ec0d1/Editor/ZapparUARSettingsProvider.cs:148 
  at Zappar.Editor.PackageImportSettings.RefreshPackage () [0x00036] in /Users/narabikkina/Documents/Ich/Tatar party/Сабантуй/baursak-ar/Library/PackageCache/com.zappar.uar@1c682ec0d1/Editor/PackageImportSettings.cs:31 
  at Zappar.Editor.PackageImportSettings..cctor () [0x00000] in /Users/narabikkina/Documents/Ich/Tatar party/Сабантуй/baursak-ar/Library/PackageCache/com.zappar.uar@1c682ec0d1/Editor/PackageImportSettings.cs:13 
UnityEngine.StackTraceUtility:ExtractStackTrace () (at /Users/bokken/build/output/unity/unity/Runtime/Export/Scripting/StackTrace.cs:37)
UnityEngine.DebugLogHandler:LogFormat (UnityEngine.LogType,UnityEngine.Object,string,object[])
UnityEngine.Logger:Log (UnityEngine.LogType,object)
UnityEngine.Debug:LogError (object)
UnityEditor.EditorAssemblies:ProcessInitializeOnLoadAttributes (System.Type[]) (at /Users/bokken/build/output/unity/unity/Editor/Mono/EditorAssemblies.cs:134)

(Filename: /Users/bokken/build/output/unity/unity/Editor/Mono/EditorAssemblies.cs Line: 134)

[Package Manager] Server::EnsureServerProcessIsRunning -- launch failed, reason: Unity was launched with the -noUpm command-line argument
[Package Manager] Cannot connect to Unity Package Manager local server
Mono: successfully reloaded assembly
- Completed reload, in  2.567 seconds
Domain Reload Profiling:
	ReloadAssembly (2568ms)
		BeginReloadAssembly (225ms)
			ExecutionOrderSort (0ms)
			DisableScriptedObjects (10ms)
			BackupInstance (0ms)
			ReleaseScriptingObjects (0ms)
			CreateAndSetChildDomain (85ms)
		EndReloadAssembly (2181ms)
			LoadAssemblies (113ms)
			RebuildTransferFunctionScriptingTraits (0ms)
			SetupTypeCache (524ms)
			ReleaseScriptCaches (2ms)
			RebuildScriptCaches (74ms)
			SetupLoadedEditorAssemblies (1354ms)
				LogAssemblyErrors (0ms)
				InitializePlatformSupportModulesInManaged (9ms)
				SetLoadedEditorAssemblies (1ms)
				RefreshPlugins (2ms)
				BeforeProcessingInitializeOnLoad (114ms)
				ProcessInitializeOnLoadAttributes (1166ms)
				ProcessInitializeOnLoadMethodAttributes (59ms)
				AfterProcessingInitializeOnLoad (2ms)
				EditorAssembliesLoaded (0ms)
			ExecutionOrderSort2 (0ms)
			AwakeInstancesAfterBackupRestoration (14ms)
Platform modules already initialized, skipping
Refreshing native plugins compatible for Editor in 1.22 ms, found 4 plugins.
Preloading 1 native plugins for Editor in 1.09 ms.
Unloading 3124 Unused Serialized files (Serialized files now loaded: 0)
Unloading 36 unused Assets / (21.9 KB). Loaded Objects now: 3636.
Memory consumption went from 121.0 MB to 120.9 MB.
Total: 6.398001 ms (FindLiveObjects: 0.492887 ms CreateObjectMapping: 0.306952 ms MarkObjects: 5.558036 ms  DeleteObjects: 0.038325 ms)

AssetImportParameters requested are different than current active one (requested -> active):
  custom:video-decoder-ogg-theora: a1e56fd34408186e4bbccfd4996cb3dc -> 
  custom:container-muxer-webm: aa71ff27fc2769a1b78a27578f13a17b -> 
  custom:container-demuxer-webm: 4f35f7cbe854078d1ac9338744f61a02 -> 
  custom:video-encoder-webm-vp8: eb34c28f22e8b96e1ab97ce403110664 -> 
  custom:framework-osx-AVFoundation: e770b220cccbd017edd2c1fefb359320 -> 
  custom:CustomObjectIndexerAttribute: bc11b3a6c3213fcdd17b65e7da85e133 -> 
  custom:audio-encoder-webm-vorbis: bf7c407c2cedff20999df2af8eb42d56 -> 
  custom:SearchIndexIgnoredProperties: e643bd26f0fe6173181afceb89e7c659 -> 
  custom:container-demuxer-ogg: 62fdf1f143b41e24485cea50d1cbac27 -> 
  custom:video-decoder-webm-vp8: 9c59270c3fd7afecdb556c50c9e8de78 -> 
  custom:audio-decoder-ogg-vorbis: bf7c407c2cedff20999df2af8eb42d56 -> 
========================================================================
Received Prepare
Registering precompiled user dll's ...
Registered in 0.004142 seconds.
Begin MonoManager ReloadAssembly
Native extension for OSXStandalone target not found
Native extension for WebGL target not found
Refreshing native plugins compatible for Editor in 1.50 ms, found 4 plugins.
Preloading 1 native plugins for Editor in 2.06 ms.
System.NullReferenceException: Object reference not set to an instance of an object
  at Zappar.Editor.ZapparUARSettingsProvider.GetOrCreateSettings () [0x00059] in /Users/narabikkina/Documents/Ich/Tatar party/Сабантуй/baursak-ar/Library/PackageCache/com.zappar.uar@1c682ec0d1/Editor/ZapparUARSettingsProvider.cs:148 
  at Zappar.Editor.PackageImportSettings.RefreshPackage () [0x00036] in /Users/narabikkina/Documents/Ich/Tatar party/Сабантуй/baursak-ar/Library/PackageCache/com.zappar.uar@1c682ec0d1/Editor/PackageImportSettings.cs:31 
  at Zappar.Editor.PackageImportSettings..cctor () [0x00000] in /Users/narabikkina/Documents/Ich/Tatar party/Сабантуй/baursak-ar/Library/PackageCache/com.zappar.uar@1c682ec0d1/Editor/PackageImportSettings.cs:13 
UnityEngine.StackTraceUtility:ExtractStackTrace () (at /Users/bokken/build/output/unity/unity/Runtime/Export/Scripting/StackTrace.cs:37)
UnityEngine.DebugLogHandler:LogFormat (UnityEngine.LogType,UnityEngine.Object,string,object[])
UnityEngine.Logger:Log (UnityEngine.LogType,object)
UnityEngine.Debug:LogError (object)
UnityEditor.EditorAssemblies:ProcessInitializeOnLoadAttributes (System.Type[]) (at /Users/bokken/build/output/unity/unity/Editor/Mono/EditorAssemblies.cs:134)

(Filename: /Users/bokken/build/output/unity/unity/Editor/Mono/EditorAssemblies.cs Line: 134)

[Package Manager] Server::EnsureServerProcessIsRunning -- launch failed, reason: Unity was launched with the -noUpm command-line argument
[Package Manager] Cannot connect to Unity Package Manager local server
Mono: successfully reloaded assembly
- Completed reload, in  3.590 seconds
Domain Reload Profiling:
	ReloadAssembly (3594ms)
		BeginReloadAssembly (688ms)
			ExecutionOrderSort (0ms)
			DisableScriptedObjects (29ms)
			BackupInstance (0ms)
			ReleaseScriptingObjects (0ms)
			CreateAndSetChildDomain (299ms)
		EndReloadAssembly (2627ms)
			LoadAssemblies (283ms)
			RebuildTransferFunctionScriptingTraits (0ms)
			SetupTypeCache (852ms)
			ReleaseScriptCaches (3ms)
			RebuildScriptCaches (131ms)
			SetupLoadedEditorAssemblies (1320ms)
				LogAssemblyErrors (0ms)
				InitializePlatformSupportModulesInManaged (13ms)
				SetLoadedEditorAssemblies (2ms)
				RefreshPlugins (4ms)
				BeforeProcessingInitializeOnLoad (134ms)
				ProcessInitializeOnLoadAttributes (1116ms)
				ProcessInitializeOnLoadMethodAttributes (49ms)
				AfterProcessingInitializeOnLoad (3ms)
				EditorAssembliesLoaded (0ms)
			ExecutionOrderSort2 (0ms)
			AwakeInstancesAfterBackupRestoration (16ms)
Platform modules already initialized, skipping
Refreshing native plugins compatible for Editor in 1.46 ms, found 4 plugins.
Preloading 1 native plugins for Editor in 0.88 ms.
Unloading 3124 Unused Serialized files (Serialized files now loaded: 0)
Unloading 36 unused Assets / (23.0 KB). Loaded Objects now: 3640.
Memory consumption went from 121.0 MB to 121.0 MB.
Total: 8.421330 ms (FindLiveObjects: 0.725063 ms CreateObjectMapping: 0.322042 ms MarkObjects: 7.287195 ms  DeleteObjects: 0.085492 ms)

AssetImportParameters requested are different than current active one (requested -> active):
  custom:video-decoder-ogg-theora: a1e56fd34408186e4bbccfd4996cb3dc -> 
  custom:container-muxer-webm: aa71ff27fc2769a1b78a27578f13a17b -> 
  custom:container-demuxer-webm: 4f35f7cbe854078d1ac9338744f61a02 -> 
  custom:video-encoder-webm-vp8: eb34c28f22e8b96e1ab97ce403110664 -> 
  custom:framework-osx-AVFoundation: e770b220cccbd017edd2c1fefb359320 -> 
  custom:CustomObjectIndexerAttribute: bc11b3a6c3213fcdd17b65e7da85e133 -> 
  custom:audio-encoder-webm-vorbis: bf7c407c2cedff20999df2af8eb42d56 -> 
  custom:SearchIndexIgnoredProperties: e643bd26f0fe6173181afceb89e7c659 -> 
  custom:container-demuxer-ogg: 62fdf1f143b41e24485cea50d1cbac27 -> 
  custom:video-decoder-webm-vp8: 9c59270c3fd7afecdb556c50c9e8de78 -> 
  custom:audio-decoder-ogg-vorbis: bf7c407c2cedff20999df2af8eb42d56 -> 
========================================================================
Received Prepare
Registering precompiled user dll's ...
Registered in 0.003722 seconds.
Begin MonoManager ReloadAssembly
Native extension for OSXStandalone target not found
Native extension for WebGL target not found
Refreshing native plugins compatible for Editor in 1.08 ms, found 4 plugins.
Preloading 1 native plugins for Editor in 1.09 ms.
System.NullReferenceException: Object reference not set to an instance of an object
  at Zappar.Editor.ZapparUARSettingsProvider.GetOrCreateSettings () [0x00059] in /Users/narabikkina/Documents/Ich/Tatar party/Сабантуй/baursak-ar/Library/PackageCache/com.zappar.uar@1c682ec0d1/Editor/ZapparUARSettingsProvider.cs:148 
  at Zappar.Editor.PackageImportSettings.RefreshPackage () [0x00036] in /Users/narabikkina/Documents/Ich/Tatar party/Сабантуй/baursak-ar/Library/PackageCache/com.zappar.uar@1c682ec0d1/Editor/PackageImportSettings.cs:31 
  at Zappar.Editor.PackageImportSettings..cctor () [0x00000] in /Users/narabikkina/Documents/Ich/Tatar party/Сабантуй/baursak-ar/Library/PackageCache/com.zappar.uar@1c682ec0d1/Editor/PackageImportSettings.cs:13 
UnityEngine.StackTraceUtility:ExtractStackTrace () (at /Users/bokken/build/output/unity/unity/Runtime/Export/Scripting/StackTrace.cs:37)
UnityEngine.DebugLogHandler:LogFormat (UnityEngine.LogType,UnityEngine.Object,string,object[])
UnityEngine.Logger:Log (UnityEngine.LogType,object)
UnityEngine.Debug:LogError (object)
UnityEditor.EditorAssemblies:ProcessInitializeOnLoadAttributes (System.Type[]) (at /Users/bokken/build/output/unity/unity/Editor/Mono/EditorAssemblies.cs:134)

(Filename: /Users/bokken/build/output/unity/unity/Editor/Mono/EditorAssemblies.cs Line: 134)

[Package Manager] Server::EnsureServerProcessIsRunning -- launch failed, reason: Unity was launched with the -noUpm command-line argument
[Package Manager] Cannot connect to Unity Package Manager local server
Mono: successfully reloaded assembly
- Completed reload, in  2.583 seconds
Domain Reload Profiling:
	ReloadAssembly (2585ms)
		BeginReloadAssembly (221ms)
			ExecutionOrderSort (0ms)
			DisableScriptedObjects (12ms)
			BackupInstance (0ms)
			ReleaseScriptingObjects (0ms)
			CreateAndSetChildDomain (75ms)
		EndReloadAssembly (2216ms)
			LoadAssemblies (121ms)
			RebuildTransferFunctionScriptingTraits (0ms)
			SetupTypeCache (515ms)
			ReleaseScriptCaches (2ms)
			RebuildScriptCaches (115ms)
			SetupLoadedEditorAssemblies (1319ms)
				LogAssemblyErrors (0ms)
				InitializePlatformSupportModulesInManaged (11ms)
				SetLoadedEditorAssemblies (1ms)
				RefreshPlugins (2ms)
				BeforeProcessingInitializeOnLoad (134ms)
				ProcessInitializeOnLoadAttributes (1118ms)
				ProcessInitializeOnLoadMethodAttributes (50ms)
				AfterProcessingInitializeOnLoad (3ms)
				EditorAssembliesLoaded (1ms)
			ExecutionOrderSort2 (0ms)
			AwakeInstancesAfterBackupRestoration (14ms)
Platform modules already initialized, skipping
Refreshing native plugins compatible for Editor in 1.40 ms, found 4 plugins.
Preloading 1 native plugins for Editor in 1.30 ms.
Unloading 3124 Unused Serialized files (Serialized files now loaded: 0)
Unloading 36 unused Assets / (21.9 KB). Loaded Objects now: 3644.
Memory consumption went from 121.0 MB to 121.0 MB.
Total: 7.162191 ms (FindLiveObjects: 0.711523 ms CreateObjectMapping: 0.562609 ms MarkObjects: 5.838341 ms  DeleteObjects: 0.047522 ms)

AssetImportParameters requested are different than current active one (requested -> active):
  custom:video-decoder-ogg-theora: a1e56fd34408186e4bbccfd4996cb3dc -> 
  custom:container-muxer-webm: aa71ff27fc2769a1b78a27578f13a17b -> 
  custom:container-demuxer-webm: 4f35f7cbe854078d1ac9338744f61a02 -> 
  custom:video-encoder-webm-vp8: eb34c28f22e8b96e1ab97ce403110664 -> 
  custom:framework-osx-AVFoundation: e770b220cccbd017edd2c1fefb359320 -> 
  custom:CustomObjectIndexerAttribute: bc11b3a6c3213fcdd17b65e7da85e133 -> 
  custom:audio-encoder-webm-vorbis: bf7c407c2cedff20999df2af8eb42d56 -> 
  custom:SearchIndexIgnoredProperties: e643bd26f0fe6173181afceb89e7c659 -> 
  custom:container-demuxer-ogg: 62fdf1f143b41e24485cea50d1cbac27 -> 
  custom:video-decoder-webm-vp8: 9c59270c3fd7afecdb556c50c9e8de78 -> 
  custom:audio-decoder-ogg-vorbis: bf7c407c2cedff20999df2af8eb42d56 -> 
========================================================================
Received Prepare
Registering precompiled user dll's ...
Registered in 0.003575 seconds.
Begin MonoManager ReloadAssembly
Native extension for OSXStandalone target not found
Native extension for WebGL target not found
Refreshing native plugins compatible for Editor in 1.41 ms, found 4 plugins.
Preloading 1 native plugins for Editor in 0.70 ms.
System.NullReferenceException: Object reference not set to an instance of an object
  at Zappar.Editor.ZapparUARSettingsProvider.GetOrCreateSettings () [0x00059] in /Users/narabikkina/Documents/Ich/Tatar party/Сабантуй/baursak-ar/Library/PackageCache/com.zappar.uar@1c682ec0d1/Editor/ZapparUARSettingsProvider.cs:148 
  at Zappar.Editor.PackageImportSettings.RefreshPackage () [0x00036] in /Users/narabikkina/Documents/Ich/Tatar party/Сабантуй/baursak-ar/Library/PackageCache/com.zappar.uar@1c682ec0d1/Editor/PackageImportSettings.cs:31 
  at Zappar.Editor.PackageImportSettings..cctor () [0x00000] in /Users/narabikkina/Documents/Ich/Tatar party/Сабантуй/baursak-ar/Library/PackageCache/com.zappar.uar@1c682ec0d1/Editor/PackageImportSettings.cs:13 
UnityEngine.StackTraceUtility:ExtractStackTrace () (at /Users/bokken/build/output/unity/unity/Runtime/Export/Scripting/StackTrace.cs:37)
UnityEngine.DebugLogHandler:LogFormat (UnityEngine.LogType,UnityEngine.Object,string,object[])
UnityEngine.Logger:Log (UnityEngine.LogType,object)
UnityEngine.Debug:LogError (object)
UnityEditor.EditorAssemblies:ProcessInitializeOnLoadAttributes (System.Type[]) (at /Users/bokken/build/output/unity/unity/Editor/Mono/EditorAssemblies.cs:134)

(Filename: /Users/bokken/build/output/unity/unity/Editor/Mono/EditorAssemblies.cs Line: 134)

[Package Manager] Server::EnsureServerProcessIsRunning -- launch failed, reason: Unity was launched with the -noUpm command-line argument
[Package Manager] Cannot connect to Unity Package Manager local server
Mono: successfully reloaded assembly
- Completed reload, in  2.441 seconds
Domain Reload Profiling:
	ReloadAssembly (2442ms)
		BeginReloadAssembly (214ms)
			ExecutionOrderSort (0ms)
			DisableScriptedObjects (9ms)
			BackupInstance (0ms)
			ReleaseScriptingObjects (0ms)
			CreateAndSetChildDomain (78ms)
		EndReloadAssembly (2071ms)
			LoadAssemblies (113ms)
			RebuildTransferFunctionScriptingTraits (0ms)
			SetupTypeCache (486ms)
			ReleaseScriptCaches (2ms)
			RebuildScriptCaches (72ms)
			SetupLoadedEditorAssemblies (1288ms)
				LogAssemblyErrors (0ms)
				InitializePlatformSupportModulesInManaged (10ms)
				SetLoadedEditorAssemblies (1ms)
				RefreshPlugins (2ms)
				BeforeProcessingInitializeOnLoad (117ms)
				ProcessInitializeOnLoadAttributes (1106ms)
				ProcessInitializeOnLoadMethodAttributes (46ms)
				AfterProcessingInitializeOnLoad (5ms)
				EditorAssembliesLoaded (1ms)
			ExecutionOrderSort2 (0ms)
			AwakeInstancesAfterBackupRestoration (12ms)
Platform modules already initialized, skipping
Refreshing native plugins compatible for Editor in 0.91 ms, found 4 plugins.
Preloading 1 native plugins for Editor in 0.76 ms.
Unloading 3124 Unused Serialized files (Serialized files now loaded: 0)
Unloading 36 unused Assets / (21.9 KB). Loaded Objects now: 3648.
Memory consumption went from 121.0 MB to 121.0 MB.
Total: 6.398013 ms (FindLiveObjects: 0.619689 ms CreateObjectMapping: 0.472116 ms MarkObjects: 5.213536 ms  DeleteObjects: 0.089818 ms)

AssetImportParameters requested are different than current active one (requested -> active):
  custom:video-decoder-ogg-theora: a1e56fd34408186e4bbccfd4996cb3dc -> 
  custom:container-muxer-webm: aa71ff27fc2769a1b78a27578f13a17b -> 
  custom:container-demuxer-webm: 4f35f7cbe854078d1ac9338744f61a02 -> 
  custom:video-encoder-webm-vp8: eb34c28f22e8b96e1ab97ce403110664 -> 
  custom:framework-osx-AVFoundation: e770b220cccbd017edd2c1fefb359320 -> 
  custom:CustomObjectIndexerAttribute: bc11b3a6c3213fcdd17b65e7da85e133 -> 
  custom:audio-encoder-webm-vorbis: bf7c407c2cedff20999df2af8eb42d56 -> 
  custom:SearchIndexIgnoredProperties: e643bd26f0fe6173181afceb89e7c659 -> 
  custom:container-demuxer-ogg: 62fdf1f143b41e24485cea50d1cbac27 -> 
  custom:video-decoder-webm-vp8: 9c59270c3fd7afecdb556c50c9e8de78 -> 
  custom:audio-decoder-ogg-vorbis: bf7c407c2cedff20999df2af8eb42d56 -> 
========================================================================
Received Prepare
Registering precompiled user dll's ...
Registered in 0.003741 seconds.
Begin MonoManager ReloadAssembly
Native extension for OSXStandalone target not found
Native extension for WebGL target not found
Refreshing native plugins compatible for Editor in 1.08 ms, found 4 plugins.
Preloading 1 native plugins for Editor in 0.89 ms.
System.NullReferenceException: Object reference not set to an instance of an object
  at Zappar.Editor.ZapparUARSettingsProvider.GetOrCreateSettings () [0x00059] in /Users/narabikkina/Documents/Ich/Tatar party/Сабантуй/baursak-ar/Library/PackageCache/com.zappar.uar@1c682ec0d1/Editor/ZapparUARSettingsProvider.cs:148 
  at Zappar.Editor.PackageImportSettings.RefreshPackage () [0x00036] in /Users/narabikkina/Documents/Ich/Tatar party/Сабантуй/baursak-ar/Library/PackageCache/com.zappar.uar@1c682ec0d1/Editor/PackageImportSettings.cs:31 
  at Zappar.Editor.PackageImportSettings..cctor () [0x00000] in /Users/narabikkina/Documents/Ich/Tatar party/Сабантуй/baursak-ar/Library/PackageCache/com.zappar.uar@1c682ec0d1/Editor/PackageImportSettings.cs:13 
UnityEngine.StackTraceUtility:ExtractStackTrace () (at /Users/bokken/build/output/unity/unity/Runtime/Export/Scripting/StackTrace.cs:37)
UnityEngine.DebugLogHandler:LogFormat (UnityEngine.LogType,UnityEngine.Object,string,object[])
UnityEngine.Logger:Log (UnityEngine.LogType,object)
UnityEngine.Debug:LogError (object)
UnityEditor.EditorAssemblies:ProcessInitializeOnLoadAttributes (System.Type[]) (at /Users/bokken/build/output/unity/unity/Editor/Mono/EditorAssemblies.cs:134)

(Filename: /Users/bokken/build/output/unity/unity/Editor/Mono/EditorAssemblies.cs Line: 134)

[Package Manager] Server::EnsureServerProcessIsRunning -- launch failed, reason: Unity was launched with the -noUpm command-line argument
[Package Manager] Cannot connect to Unity Package Manager local server
Mono: successfully reloaded assembly
- Completed reload, in  2.426 seconds
Domain Reload Profiling:
	ReloadAssembly (2427ms)
		BeginReloadAssembly (218ms)
			ExecutionOrderSort (0ms)
			DisableScriptedObjects (9ms)
			BackupInstance (0ms)
			ReleaseScriptingObjects (0ms)
			CreateAndSetChildDomain (76ms)
		EndReloadAssembly (2056ms)
			LoadAssemblies (114ms)
			RebuildTransferFunctionScriptingTraits (0ms)
			SetupTypeCache (476ms)
			ReleaseScriptCaches (2ms)
			RebuildScriptCaches (72ms)
			SetupLoadedEditorAssemblies (1284ms)
				LogAssemblyErrors (0ms)
				InitializePlatformSupportModulesInManaged (10ms)
				SetLoadedEditorAssemblies (1ms)
				RefreshPlugins (2ms)
				BeforeProcessingInitializeOnLoad (122ms)
				ProcessInitializeOnLoadAttributes (1098ms)
				ProcessInitializeOnLoadMethodAttributes (48ms)
				AfterProcessingInitializeOnLoad (2ms)
				EditorAssembliesLoaded (0ms)
			ExecutionOrderSort2 (0ms)
			AwakeInstancesAfterBackupRestoration (11ms)
Platform modules already initialized, skipping
Refreshing native plugins compatible for Editor in 1.62 ms, found 4 plugins.
Preloading 1 native plugins for Editor in 0.70 ms.
Unloading 3124 Unused Serialized files (Serialized files now loaded: 0)
Unloading 36 unused Assets / (23.0 KB). Loaded Objects now: 3652.
Memory consumption went from 121.0 MB to 121.0 MB.
Total: 7.923783 ms (FindLiveObjects: 0.303326 ms CreateObjectMapping: 0.344170 ms MarkObjects: 7.115394 ms  DeleteObjects: 0.158550 ms)

AssetImportParameters requested are different than current active one (requested -> active):
  custom:video-decoder-ogg-theora: a1e56fd34408186e4bbccfd4996cb3dc -> 
  custom:container-muxer-webm: aa71ff27fc2769a1b78a27578f13a17b -> 
  custom:container-demuxer-webm: 4f35f7cbe854078d1ac9338744f61a02 -> 
  custom:video-encoder-webm-vp8: eb34c28f22e8b96e1ab97ce403110664 -> 
  custom:framework-osx-AVFoundation: e770b220cccbd017edd2c1fefb359320 -> 
  custom:CustomObjectIndexerAttribute: bc11b3a6c3213fcdd17b65e7da85e133 -> 
  custom:audio-encoder-webm-vorbis: bf7c407c2cedff20999df2af8eb42d56 -> 
  custom:SearchIndexIgnoredProperties: e643bd26f0fe6173181afceb89e7c659 -> 
  custom:container-demuxer-ogg: 62fdf1f143b41e24485cea50d1cbac27 -> 
  custom:video-decoder-webm-vp8: 9c59270c3fd7afecdb556c50c9e8de78 -> 
  custom:audio-decoder-ogg-vorbis: bf7c407c2cedff20999df2af8eb42d56 -> 
========================================================================
Received Prepare
Registering precompiled user dll's ...
Registered in 0.004566 seconds.
Begin MonoManager ReloadAssembly
Native extension for OSXStandalone target not found
Native extension for WebGL target not found
Refreshing native plugins compatible for Editor in 0.93 ms, found 4 plugins.
Preloading 1 native plugins for Editor in 0.94 ms.
System.NullReferenceException: Object reference not set to an instance of an object
  at Zappar.Editor.ZapparUARSettingsProvider.GetOrCreateSettings () [0x00059] in /Users/narabikkina/Documents/Ich/Tatar party/Сабантуй/baursak-ar/Library/PackageCache/com.zappar.uar@1c682ec0d1/Editor/ZapparUARSettingsProvider.cs:148 
  at Zappar.Editor.PackageImportSettings.RefreshPackage () [0x00036] in /Users/narabikkina/Documents/Ich/Tatar party/Сабантуй/baursak-ar/Library/PackageCache/com.zappar.uar@1c682ec0d1/Editor/PackageImportSettings.cs:31 
  at Zappar.Editor.PackageImportSettings..cctor () [0x00000] in /Users/narabikkina/Documents/Ich/Tatar party/Сабантуй/baursak-ar/Library/PackageCache/com.zappar.uar@1c682ec0d1/Editor/PackageImportSettings.cs:13 
UnityEngine.StackTraceUtility:ExtractStackTrace () (at /Users/bokken/build/output/unity/unity/Runtime/Export/Scripting/StackTrace.cs:37)
UnityEngine.DebugLogHandler:LogFormat (UnityEngine.LogType,UnityEngine.Object,string,object[])
UnityEngine.Logger:Log (UnityEngine.LogType,object)
UnityEngine.Debug:LogError (object)
UnityEditor.EditorAssemblies:ProcessInitializeOnLoadAttributes (System.Type[]) (at /Users/bokken/build/output/unity/unity/Editor/Mono/EditorAssemblies.cs:134)

(Filename: /Users/bokken/build/output/unity/unity/Editor/Mono/EditorAssemblies.cs Line: 134)

[Package Manager] Server::EnsureServerProcessIsRunning -- launch failed, reason: Unity was launched with the -noUpm command-line argument
[Package Manager] Cannot connect to Unity Package Manager local server
Mono: successfully reloaded assembly
- Completed reload, in  2.386 seconds
Domain Reload Profiling:
	ReloadAssembly (2388ms)
		BeginReloadAssembly (210ms)
			ExecutionOrderSort (0ms)
			DisableScriptedObjects (8ms)
			BackupInstance (0ms)
			ReleaseScriptingObjects (0ms)
			CreateAndSetChildDomain (78ms)
		EndReloadAssembly (2029ms)
			LoadAssemblies (103ms)
			RebuildTransferFunctionScriptingTraits (0ms)
			SetupTypeCache (483ms)
			ReleaseScriptCaches (1ms)
			RebuildScriptCaches (75ms)
			SetupLoadedEditorAssemblies (1256ms)
				LogAssemblyErrors (0ms)
				InitializePlatformSupportModulesInManaged (10ms)
				SetLoadedEditorAssemblies (1ms)
				RefreshPlugins (2ms)
				BeforeProcessingInitializeOnLoad (114ms)
				ProcessInitializeOnLoadAttributes (1078ms)
				ProcessInitializeOnLoadMethodAttributes (48ms)
				AfterProcessingInitializeOnLoad (3ms)
				EditorAssembliesLoaded (0ms)
			ExecutionOrderSort2 (0ms)
			AwakeInstancesAfterBackupRestoration (15ms)
Platform modules already initialized, skipping
Refreshing native plugins compatible for Editor in 1.39 ms, found 4 plugins.
Preloading 1 native plugins for Editor in 0.97 ms.
Unloading 3124 Unused Serialized files (Serialized files now loaded: 0)
Unloading 36 unused Assets / (23.0 KB). Loaded Objects now: 3656.
Memory consumption went from 121.0 MB to 121.0 MB.
Total: 6.674606 ms (FindLiveObjects: 0.437565 ms CreateObjectMapping: 0.256618 ms MarkObjects: 5.934189 ms  DeleteObjects: 0.044665 ms)

AssetImportParameters requested are different than current active one (requested -> active):
  custom:video-decoder-ogg-theora: a1e56fd34408186e4bbccfd4996cb3dc -> 
  custom:container-muxer-webm: aa71ff27fc2769a1b78a27578f13a17b -> 
  custom:container-demuxer-webm: 4f35f7cbe854078d1ac9338744f61a02 -> 
  custom:video-encoder-webm-vp8: eb34c28f22e8b96e1ab97ce403110664 -> 
  custom:framework-osx-AVFoundation: e770b220cccbd017edd2c1fefb359320 -> 
  custom:CustomObjectIndexerAttribute: bc11b3a6c3213fcdd17b65e7da85e133 -> 
  custom:audio-encoder-webm-vorbis: bf7c407c2cedff20999df2af8eb42d56 -> 
  custom:SearchIndexIgnoredProperties: e643bd26f0fe6173181afceb89e7c659 -> 
  custom:container-demuxer-ogg: 62fdf1f143b41e24485cea50d1cbac27 -> 
  custom:video-decoder-webm-vp8: 9c59270c3fd7afecdb556c50c9e8de78 -> 
  custom:audio-decoder-ogg-vorbis: bf7c407c2cedff20999df2af8eb42d56 -> 
========================================================================
Received Prepare
Registering precompiled user dll's ...
Registered in 0.004392 seconds.
Begin MonoManager ReloadAssembly
Native extension for OSXStandalone target not found
Native extension for WebGL target not found
Refreshing native plugins compatible for Editor in 1.70 ms, found 4 plugins.
Preloading 1 native plugins for Editor in 0.95 ms.
System.NullReferenceException: Object reference not set to an instance of an object
  at Zappar.Editor.ZapparUARSettingsProvider.GetOrCreateSettings () [0x00059] in /Users/narabikkina/Documents/Ich/Tatar party/Сабантуй/baursak-ar/Library/PackageCache/com.zappar.uar@1c682ec0d1/Editor/ZapparUARSettingsProvider.cs:148 
  at Zappar.Editor.PackageImportSettings.RefreshPackage () [0x00036] in /Users/narabikkina/Documents/Ich/Tatar party/Сабантуй/baursak-ar/Library/PackageCache/com.zappar.uar@1c682ec0d1/Editor/PackageImportSettings.cs:31 
  at Zappar.Editor.PackageImportSettings..cctor () [0x00000] in /Users/narabikkina/Documents/Ich/Tatar party/Сабантуй/baursak-ar/Library/PackageCache/com.zappar.uar@1c682ec0d1/Editor/PackageImportSettings.cs:13 
UnityEngine.StackTraceUtility:ExtractStackTrace () (at /Users/bokken/build/output/unity/unity/Runtime/Export/Scripting/StackTrace.cs:37)
UnityEngine.DebugLogHandler:LogFormat (UnityEngine.LogType,UnityEngine.Object,string,object[])
UnityEngine.Logger:Log (UnityEngine.LogType,object)
UnityEngine.Debug:LogError (object)
UnityEditor.EditorAssemblies:ProcessInitializeOnLoadAttributes (System.Type[]) (at /Users/bokken/build/output/unity/unity/Editor/Mono/EditorAssemblies.cs:134)

(Filename: /Users/bokken/build/output/unity/unity/Editor/Mono/EditorAssemblies.cs Line: 134)

[Package Manager] Server::EnsureServerProcessIsRunning -- launch failed, reason: Unity was launched with the -noUpm command-line argument
[Package Manager] Cannot connect to Unity Package Manager local server
Mono: successfully reloaded assembly
- Completed reload, in  2.601 seconds
Domain Reload Profiling:
	ReloadAssembly (2603ms)
		BeginReloadAssembly (218ms)
			ExecutionOrderSort (0ms)
			DisableScriptedObjects (8ms)
			BackupInstance (0ms)
			ReleaseScriptingObjects (0ms)
			CreateAndSetChildDomain (84ms)
		EndReloadAssembly (2231ms)
			LoadAssemblies (101ms)
			RebuildTransferFunctionScriptingTraits (0ms)
			SetupTypeCache (513ms)
			ReleaseScriptCaches (3ms)
			RebuildScriptCaches (123ms)
			SetupLoadedEditorAssemblies (1331ms)
				LogAssemblyErrors (0ms)
				InitializePlatformSupportModulesInManaged (12ms)
				SetLoadedEditorAssemblies (1ms)
				RefreshPlugins (3ms)
				BeforeProcessingInitializeOnLoad (130ms)
				ProcessInitializeOnLoadAttributes (1124ms)
				ProcessInitializeOnLoadMethodAttributes (57ms)
				AfterProcessingInitializeOnLoad (5ms)
				EditorAssembliesLoaded (0ms)
			ExecutionOrderSort2 (0ms)
			AwakeInstancesAfterBackupRestoration (11ms)
Platform modules already initialized, skipping
Refreshing native plugins compatible for Editor in 0.74 ms, found 4 plugins.
Preloading 1 native plugins for Editor in 0.82 ms.
Unloading 3124 Unused Serialized files (Serialized files now loaded: 0)
Unloading 36 unused Assets / (21.9 KB). Loaded Objects now: 3660.
Memory consumption went from 121.0 MB to 121.0 MB.
Total: 5.655575 ms (FindLiveObjects: 0.480452 ms CreateObjectMapping: 0.721266 ms MarkObjects: 4.400787 ms  DeleteObjects: 0.051140 ms)

AssetImportParameters requested are different than current active one (requested -> active):
  custom:video-decoder-ogg-theora: a1e56fd34408186e4bbccfd4996cb3dc -> 
  custom:container-muxer-webm: aa71ff27fc2769a1b78a27578f13a17b -> 
  custom:container-demuxer-webm: 4f35f7cbe854078d1ac9338744f61a02 -> 
  custom:video-encoder-webm-vp8: eb34c28f22e8b96e1ab97ce403110664 -> 
  custom:framework-osx-AVFoundation: e770b220cccbd017edd2c1fefb359320 -> 
  custom:CustomObjectIndexerAttribute: bc11b3a6c3213fcdd17b65e7da85e133 -> 
  custom:audio-encoder-webm-vorbis: bf7c407c2cedff20999df2af8eb42d56 -> 
  custom:SearchIndexIgnoredProperties: e643bd26f0fe6173181afceb89e7c659 -> 
  custom:container-demuxer-ogg: 62fdf1f143b41e24485cea50d1cbac27 -> 
  custom:video-decoder-webm-vp8: 9c59270c3fd7afecdb556c50c9e8de78 -> 
  custom:audio-decoder-ogg-vorbis: bf7c407c2cedff20999df2af8eb42d56 -> 
========================================================================
Received Prepare
Registering precompiled user dll's ...
Registered in 0.004661 seconds.
Begin MonoManager ReloadAssembly
Native extension for OSXStandalone target not found
Native extension for WebGL target not found
Refreshing native plugins compatible for Editor in 1.24 ms, found 4 plugins.
Preloading 1 native plugins for Editor in 0.73 ms.
System.NullReferenceException: Object reference not set to an instance of an object
  at Zappar.Editor.ZapparUARSettingsProvider.GetOrCreateSettings () [0x00059] in /Users/narabikkina/Documents/Ich/Tatar party/Сабантуй/baursak-ar/Library/PackageCache/com.zappar.uar@1c682ec0d1/Editor/ZapparUARSettingsProvider.cs:148 
  at Zappar.Editor.PackageImportSettings.RefreshPackage () [0x00036] in /Users/narabikkina/Documents/Ich/Tatar party/Сабантуй/baursak-ar/Library/PackageCache/com.zappar.uar@1c682ec0d1/Editor/PackageImportSettings.cs:31 
  at Zappar.Editor.PackageImportSettings..cctor () [0x00000] in /Users/narabikkina/Documents/Ich/Tatar party/Сабантуй/baursak-ar/Library/PackageCache/com.zappar.uar@1c682ec0d1/Editor/PackageImportSettings.cs:13 
UnityEngine.StackTraceUtility:ExtractStackTrace () (at /Users/bokken/build/output/unity/unity/Runtime/Export/Scripting/StackTrace.cs:37)
UnityEngine.DebugLogHandler:LogFormat (UnityEngine.LogType,UnityEngine.Object,string,object[])
UnityEngine.Logger:Log (UnityEngine.LogType,object)
UnityEngine.Debug:LogError (object)
UnityEditor.EditorAssemblies:ProcessInitializeOnLoadAttributes (System.Type[]) (at /Users/bokken/build/output/unity/unity/Editor/Mono/EditorAssemblies.cs:134)

(Filename: /Users/bokken/build/output/unity/unity/Editor/Mono/EditorAssemblies.cs Line: 134)

[Package Manager] Server::EnsureServerProcessIsRunning -- launch failed, reason: Unity was launched with the -noUpm command-line argument
[Package Manager] Cannot connect to Unity Package Manager local server
Mono: successfully reloaded assembly
- Completed reload, in  2.307 seconds
Domain Reload Profiling:
	ReloadAssembly (2308ms)
		BeginReloadAssembly (212ms)
			ExecutionOrderSort (0ms)
			DisableScriptedObjects (8ms)
			BackupInstance (0ms)
			ReleaseScriptingObjects (0ms)
			CreateAndSetChildDomain (78ms)
		EndReloadAssembly (1940ms)
			LoadAssemblies (105ms)
			RebuildTransferFunctionScriptingTraits (0ms)
			SetupTypeCache (473ms)
			ReleaseScriptCaches (1ms)
			RebuildScriptCaches (77ms)
			SetupLoadedEditorAssemblies (1183ms)
				LogAssemblyErrors (0ms)
				InitializePlatformSupportModulesInManaged (10ms)
				SetLoadedEditorAssemblies (1ms)
				RefreshPlugins (2ms)
				BeforeProcessingInitializeOnLoad (113ms)
				ProcessInitializeOnLoadAttributes (1010ms)
				ProcessInitializeOnLoadMethodAttributes (43ms)
				AfterProcessingInitializeOnLoad (3ms)
				EditorAssembliesLoaded (0ms)
			ExecutionOrderSort2 (0ms)
			AwakeInstancesAfterBackupRestoration (11ms)
Platform modules already initialized, skipping
Refreshing native plugins compatible for Editor in 1.37 ms, found 4 plugins.
Preloading 1 native plugins for Editor in 1.00 ms.
Unloading 3124 Unused Serialized files (Serialized files now loaded: 0)
Unloading 36 unused Assets / (22.0 KB). Loaded Objects now: 3664.
Memory consumption went from 121.0 MB to 121.0 MB.
Total: 7.152427 ms (FindLiveObjects: 0.413380 ms CreateObjectMapping: 0.300880 ms MarkObjects: 6.334524 ms  DeleteObjects: 0.100398 ms)

AssetImportParameters requested are different than current active one (requested -> active):
  custom:video-decoder-ogg-theora: a1e56fd34408186e4bbccfd4996cb3dc -> 
  custom:container-muxer-webm: aa71ff27fc2769a1b78a27578f13a17b -> 
  custom:container-demuxer-webm: 4f35f7cbe854078d1ac9338744f61a02 -> 
  custom:video-encoder-webm-vp8: eb34c28f22e8b96e1ab97ce403110664 -> 
  custom:framework-osx-AVFoundation: e770b220cccbd017edd2c1fefb359320 -> 
  custom:CustomObjectIndexerAttribute: bc11b3a6c3213fcdd17b65e7da85e133 -> 
  custom:audio-encoder-webm-vorbis: bf7c407c2cedff20999df2af8eb42d56 -> 
  custom:SearchIndexIgnoredProperties: e643bd26f0fe6173181afceb89e7c659 -> 
  custom:container-demuxer-ogg: 62fdf1f143b41e24485cea50d1cbac27 -> 
  custom:video-decoder-webm-vp8: 9c59270c3fd7afecdb556c50c9e8de78 -> 
  custom:audio-decoder-ogg-vorbis: bf7c407c2cedff20999df2af8eb42d56 -> 
========================================================================
Received Import Request.
  Time since last request: 16370.430170 seconds.
  path: Assets/Materials/Materials
  artifactKey: Guid(97c8636553d784ebb8f62556a5701ee3) Importer(815301076,1909f56bfc062723c751e8b465ee728b)
Number of updated assets reloaded before import = 0
Start importing Assets/Materials/Materials using Guid(97c8636553d784ebb8f62556a5701ee3) Importer(815301076,1909f56bfc062723c751e8b465ee728b)  -> (artifact id: '1ff68ca57363ae9ef4c5cbaa941c9cf0') in 0.013873 seconds 
Number of asset objects unloaded after import = 0
========================================================================
Received Import Request.
  Time since last request: 19.256587 seconds.
  path: Assets/Materials/Materials/blue.mat
  artifactKey: Guid(d45c401b51b834f19b68bf180f812c27) Importer(815301076,1909f56bfc062723c751e8b465ee728b)
Number of updated assets reloaded before import = 0
Start importing Assets/Materials/Materials/blue.mat using Guid(d45c401b51b834f19b68bf180f812c27) Importer(815301076,1909f56bfc062723c751e8b465ee728b)  -> (artifact id: 'a24749367235c6622b578536ae218251') in 0.152804 seconds 
Number of asset objects unloaded after import = 1
========================================================================
Received Import Request.
  Time since last request: 18.903976 seconds.
  path: Assets/Materials/Materials/orange.mat
  artifactKey: Guid(aaaf83d89ad24404aa27a920b5fed8dc) Importer(815301076,1909f56bfc062723c751e8b465ee728b)
Number of updated assets reloaded before import = 0
Start importing Assets/Materials/Materials/orange.mat using Guid(aaaf83d89ad24404aa27a920b5fed8dc) Importer(815301076,1909f56bfc062723c751e8b465ee728b)  -> (artifact id: '4d7d7c76e95a75ccfd0c584cf51aeebe') in 0.013518 seconds 
Number of asset objects unloaded after import = 1
========================================================================
Received Import Request.
  Time since last request: 16.323562 seconds.
  path: Assets/Materials/Materials/pink.mat
  artifactKey: Guid(5794a60260a8b4a9f96ecea510beb637) Importer(815301076,1909f56bfc062723c751e8b465ee728b)
Number of updated assets reloaded before import = 0
Start importing Assets/Materials/Materials/pink.mat using Guid(5794a60260a8b4a9f96ecea510beb637) Importer(815301076,1909f56bfc062723c751e8b465ee728b)  -> (artifact id: '0b2747fff7506f482e8c17ca9dbc2b40') in 0.014507 seconds 
Number of asset objects unloaded after import = 1
========================================================================
Received Import Request.
  Time since last request: 23.307909 seconds.
  path: Assets/Materials/Materials/green.mat
  artifactKey: Guid(dca596331c8f6442dbc238e954622eb8) Importer(815301076,1909f56bfc062723c751e8b465ee728b)
Number of updated assets reloaded before import = 0
Start importing Assets/Materials/Materials/green.mat using Guid(dca596331c8f6442dbc238e954622eb8) Importer(815301076,1909f56bfc062723c751e8b465ee728b)  -> (artifact id: '18c6f2825cd7b4cebded45d9e006c669') in 0.014157 seconds 
Number of asset objects unloaded after import = 1
========================================================================
Received Prepare
Refreshing native plugins compatible for Editor in 5.59 ms, found 4 plugins.
Preloading 1 native plugins for Editor in 0.47 ms.
Unloading 33 Unused Serialized files (Serialized files now loaded: 0)
Unloading 33 unused Assets / (23.0 KB). Loaded Objects now: 3665.
Memory consumption went from 57.9 MB to 57.9 MB.
Total: 6.559269 ms (FindLiveObjects: 0.297610 ms CreateObjectMapping: 0.192061 ms MarkObjects: 6.026682 ms  DeleteObjects: 0.041586 ms)

AssetImportParameters requested are different than current active one (requested -> active):
  custom:video-decoder-ogg-theora: a1e56fd34408186e4bbccfd4996cb3dc -> 
  custom:container-muxer-webm: aa71ff27fc2769a1b78a27578f13a17b -> 
  custom:container-demuxer-webm: 4f35f7cbe854078d1ac9338744f61a02 -> 
  custom:video-encoder-webm-vp8: eb34c28f22e8b96e1ab97ce403110664 -> 
  custom:framework-osx-AVFoundation: e770b220cccbd017edd2c1fefb359320 -> 
  custom:CustomObjectIndexerAttribute: bc11b3a6c3213fcdd17b65e7da85e133 -> 
  custom:audio-encoder-webm-vorbis: bf7c407c2cedff20999df2af8eb42d56 -> 
  custom:SearchIndexIgnoredProperties: e643bd26f0fe6173181afceb89e7c659 -> 
  custom:container-demuxer-ogg: 62fdf1f143b41e24485cea50d1cbac27 -> 
  custom:video-decoder-webm-vp8: 9c59270c3fd7afecdb556c50c9e8de78 -> 
  custom:audio-decoder-ogg-vorbis: bf7c407c2cedff20999df2af8eb42d56 -> 
========================================================================
Received Prepare
Refreshing native plugins compatible for Editor in 5.18 ms, found 4 plugins.
Preloading 1 native plugins for Editor in 0.52 ms.
Unloading 33 Unused Serialized files (Serialized files now loaded: 0)
Unloading 33 unused Assets / (21.9 KB). Loaded Objects now: 3665.
Memory consumption went from 57.9 MB to 57.9 MB.
Total: 4.247934 ms (FindLiveObjects: 0.253051 ms CreateObjectMapping: 0.148393 ms MarkObjects: 3.814254 ms  DeleteObjects: 0.031253 ms)

AssetImportParameters requested are different than current active one (requested -> active):
  custom:video-decoder-ogg-theora: a1e56fd34408186e4bbccfd4996cb3dc -> 
  custom:container-muxer-webm: aa71ff27fc2769a1b78a27578f13a17b -> 
  custom:container-demuxer-webm: 4f35f7cbe854078d1ac9338744f61a02 -> 
  custom:video-encoder-webm-vp8: eb34c28f22e8b96e1ab97ce403110664 -> 
  custom:framework-osx-AVFoundation: e770b220cccbd017edd2c1fefb359320 -> 
  custom:CustomObjectIndexerAttribute: bc11b3a6c3213fcdd17b65e7da85e133 -> 
  custom:audio-encoder-webm-vorbis: bf7c407c2cedff20999df2af8eb42d56 -> 
  custom:SearchIndexIgnoredProperties: e643bd26f0fe6173181afceb89e7c659 -> 
  custom:container-demuxer-ogg: 62fdf1f143b41e24485cea50d1cbac27 -> 
  custom:video-decoder-webm-vp8: 9c59270c3fd7afecdb556c50c9e8de78 -> 
  custom:audio-decoder-ogg-vorbis: bf7c407c2cedff20999df2af8eb42d56 -> 
========================================================================
Received Prepare
Registering precompiled user dll's ...
Registered in 0.004629 seconds.
Begin MonoManager ReloadAssembly
Native extension for OSXStandalone target not found
Native extension for WebGL target not found
Refreshing native plugins compatible for Editor in 0.68 ms, found 4 plugins.
Preloading 1 native plugins for Editor in 0.49 ms.
System.NullReferenceException: Object reference not set to an instance of an object
  at Zappar.Editor.ZapparUARSettingsProvider.GetOrCreateSettings () [0x00059] in /Users/narabikkina/Documents/Ich/Tatar party/Сабантуй/baursak-ar/Library/PackageCache/com.zappar.uar@1c682ec0d1/Editor/ZapparUARSettingsProvider.cs:148 
  at Zappar.Editor.PackageImportSettings.RefreshPackage () [0x00036] in /Users/narabikkina/Documents/Ich/Tatar party/Сабантуй/baursak-ar/Library/PackageCache/com.zappar.uar@1c682ec0d1/Editor/PackageImportSettings.cs:31 
  at Zappar.Editor.PackageImportSettings..cctor () [0x00000] in /Users/narabikkina/Documents/Ich/Tatar party/Сабантуй/baursak-ar/Library/PackageCache/com.zappar.uar@1c682ec0d1/Editor/PackageImportSettings.cs:13 
UnityEngine.StackTraceUtility:ExtractStackTrace () (at /Users/bokken/build/output/unity/unity/Runtime/Export/Scripting/StackTrace.cs:37)
UnityEngine.DebugLogHandler:LogFormat (UnityEngine.LogType,UnityEngine.Object,string,object[])
UnityEngine.Logger:Log (UnityEngine.LogType,object)
UnityEngine.Debug:LogError (object)
UnityEditor.EditorAssemblies:ProcessInitializeOnLoadAttributes (System.Type[]) (at /Users/bokken/build/output/unity/unity/Editor/Mono/EditorAssemblies.cs:134)

(Filename: /Users/bokken/build/output/unity/unity/Editor/Mono/EditorAssemblies.cs Line: 134)

[Package Manager] Server::EnsureServerProcessIsRunning -- launch failed, reason: Unity was launched with the -noUpm command-line argument
[Package Manager] Cannot connect to Unity Package Manager local server
Mono: successfully reloaded assembly
- Completed reload, in  1.975 seconds
Domain Reload Profiling:
	ReloadAssembly (1976ms)
		BeginReloadAssembly (216ms)
			ExecutionOrderSort (0ms)
			DisableScriptedObjects (7ms)
			BackupInstance (0ms)
			ReleaseScriptingObjects (0ms)
			CreateAndSetChildDomain (85ms)
		EndReloadAssembly (1616ms)
			LoadAssemblies (97ms)
			RebuildTransferFunctionScriptingTraits (0ms)
			SetupTypeCache (461ms)
			ReleaseScriptCaches (1ms)
			RebuildScriptCaches (68ms)
			SetupLoadedEditorAssemblies (925ms)
				LogAssemblyErrors (0ms)
				InitializePlatformSupportModulesInManaged (7ms)
				SetLoadedEditorAssemblies (1ms)
				RefreshPlugins (1ms)
				BeforeProcessingInitializeOnLoad (84ms)
				ProcessInitializeOnLoadAttributes (803ms)
				ProcessInitializeOnLoadMethodAttributes (27ms)
				AfterProcessingInitializeOnLoad (2ms)
				EditorAssembliesLoaded (0ms)
			ExecutionOrderSort2 (0ms)
			AwakeInstancesAfterBackupRestoration (8ms)
Platform modules already initialized, skipping
Refreshing native plugins compatible for Editor in 0.72 ms, found 4 plugins.
Preloading 1 native plugins for Editor in 0.49 ms.
Unloading 3124 Unused Serialized files (Serialized files now loaded: 0)
Unloading 36 unused Assets / (23.0 KB). Loaded Objects now: 3668.
Memory consumption went from 121.0 MB to 121.0 MB.
Total: 4.110942 ms (FindLiveObjects: 0.277355 ms CreateObjectMapping: 0.157339 ms MarkObjects: 3.636709 ms  DeleteObjects: 0.038196 ms)

AssetImportParameters requested are different than current active one (requested -> active):
  custom:video-decoder-ogg-theora: a1e56fd34408186e4bbccfd4996cb3dc -> 
  custom:container-muxer-webm: aa71ff27fc2769a1b78a27578f13a17b -> 
  custom:container-demuxer-webm: 4f35f7cbe854078d1ac9338744f61a02 -> 
  custom:video-encoder-webm-vp8: eb34c28f22e8b96e1ab97ce403110664 -> 
  custom:framework-osx-AVFoundation: e770b220cccbd017edd2c1fefb359320 -> 
  custom:CustomObjectIndexerAttribute: bc11b3a6c3213fcdd17b65e7da85e133 -> 
  custom:audio-encoder-webm-vorbis: bf7c407c2cedff20999df2af8eb42d56 -> 
  custom:SearchIndexIgnoredProperties: e643bd26f0fe6173181afceb89e7c659 -> 
  custom:container-demuxer-ogg: 62fdf1f143b41e24485cea50d1cbac27 -> 
  custom:video-decoder-webm-vp8: 9c59270c3fd7afecdb556c50c9e8de78 -> 
  custom:audio-decoder-ogg-vorbis: bf7c407c2cedff20999df2af8eb42d56 -> 
========================================================================
Received Prepare
Refreshing native plugins compatible for Editor in 5.32 ms, found 4 plugins.
Preloading 1 native plugins for Editor in 0.46 ms.
Unloading 33 Unused Serialized files (Serialized files now loaded: 0)
Unloading 33 unused Assets / (23.0 KB). Loaded Objects now: 3668.
Memory consumption went from 58.2 MB to 58.2 MB.
Total: 3.705795 ms (FindLiveObjects: 0.254277 ms CreateObjectMapping: 0.214067 ms MarkObjects: 3.207377 ms  DeleteObjects: 0.029244 ms)

AssetImportParameters requested are different than current active one (requested -> active):
  graphicsApiMask: 2048 -> 2304
  custom:video-decoder-ogg-theora: a1e56fd34408186e4bbccfd4996cb3dc -> 
  custom:container-muxer-webm: aa71ff27fc2769a1b78a27578f13a17b -> 
  custom:container-demuxer-webm: 4f35f7cbe854078d1ac9338744f61a02 -> 
  custom:video-encoder-webm-vp8: eb34c28f22e8b96e1ab97ce403110664 -> 
  custom:framework-osx-AVFoundation: e770b220cccbd017edd2c1fefb359320 -> 
  custom:CustomObjectIndexerAttribute: bc11b3a6c3213fcdd17b65e7da85e133 -> 
  custom:audio-encoder-webm-vorbis: bf7c407c2cedff20999df2af8eb42d56 -> 
  custom:SearchIndexIgnoredProperties: e643bd26f0fe6173181afceb89e7c659 -> 
  custom:container-demuxer-ogg: 62fdf1f143b41e24485cea50d1cbac27 -> 
  custom:video-decoder-webm-vp8: 9c59270c3fd7afecdb556c50c9e8de78 -> 
  custom:audio-decoder-ogg-vorbis: bf7c407c2cedff20999df2af8eb42d56 -> 
========================================================================
Received Prepare
Refreshing native plugins compatible for Editor in 8.73 ms, found 4 plugins.
Preloading 1 native plugins for Editor in 0.58 ms.
Unloading 33 Unused Serialized files (Serialized files now loaded: 0)
Unloading 33 unused Assets / (22.0 KB). Loaded Objects now: 3668.
Memory consumption went from 57.9 MB to 57.9 MB.
Total: 7.311131 ms (FindLiveObjects: 0.501441 ms CreateObjectMapping: 0.312712 ms MarkObjects: 6.450219 ms  DeleteObjects: 0.045350 ms)

AssetImportParameters requested are different than current active one (requested -> active):
  custom:video-decoder-ogg-theora: a1e56fd34408186e4bbccfd4996cb3dc -> 
  custom:container-muxer-webm: aa71ff27fc2769a1b78a27578f13a17b -> 
  custom:container-demuxer-webm: 4f35f7cbe854078d1ac9338744f61a02 -> 
  custom:video-encoder-webm-vp8: eb34c28f22e8b96e1ab97ce403110664 -> 
  custom:framework-osx-AVFoundation: e770b220cccbd017edd2c1fefb359320 -> 
  custom:CustomObjectIndexerAttribute: bc11b3a6c3213fcdd17b65e7da85e133 -> 
  custom:audio-encoder-webm-vorbis: bf7c407c2cedff20999df2af8eb42d56 -> 
  custom:SearchIndexIgnoredProperties: e643bd26f0fe6173181afceb89e7c659 -> 
  custom:container-demuxer-ogg: 62fdf1f143b41e24485cea50d1cbac27 -> 
  custom:video-decoder-webm-vp8: 9c59270c3fd7afecdb556c50c9e8de78 -> 
  custom:audio-decoder-ogg-vorbis: bf7c407c2cedff20999df2af8eb42d56 -> 
========================================================================
Received Import Request.
  Time since last request: 163.636992 seconds.
  path: Assets/Materials/Materials/blue.mat
  artifactKey: Guid(d45c401b51b834f19b68bf180f812c27) Importer(815301076,1909f56bfc062723c751e8b465ee728b)
Number of updated assets reloaded before import = 0
Start importing Assets/Materials/Materials/blue.mat using Guid(d45c401b51b834f19b68bf180f812c27) Importer(815301076,1909f56bfc062723c751e8b465ee728b)  -> (artifact id: 'd6e6364816615517d415cefe412631a8') in 0.166050 seconds 
Number of asset objects unloaded after import = 1
========================================================================
Received Import Request.
  Time since last request: 0.000186 seconds.
  path: Assets/Materials/Materials/orange.mat
  artifactKey: Guid(aaaf83d89ad24404aa27a920b5fed8dc) Importer(815301076,1909f56bfc062723c751e8b465ee728b)
Number of updated assets reloaded before import = 0
Start importing Assets/Materials/Materials/orange.mat using Guid(aaaf83d89ad24404aa27a920b5fed8dc) Importer(815301076,1909f56bfc062723c751e8b465ee728b)  -> (artifact id: 'e64c8a0813dfc4a43e1ce30784cf5636') in 0.012262 seconds 
Number of asset objects unloaded after import = 1
========================================================================
Received Import Request.
  Time since last request: 0.000100 seconds.
  path: Assets/Materials/Materials/pink.mat
  artifactKey: Guid(5794a60260a8b4a9f96ecea510beb637) Importer(815301076,1909f56bfc062723c751e8b465ee728b)
Number of updated assets reloaded before import = 0
Start importing Assets/Materials/Materials/pink.mat using Guid(5794a60260a8b4a9f96ecea510beb637) Importer(815301076,1909f56bfc062723c751e8b465ee728b)  -> (artifact id: 'cbeddbbe7532519ce8aebf90c4e868a8') in 0.011941 seconds 
Number of asset objects unloaded after import = 1
========================================================================
Received Import Request.
  Time since last request: 0.000148 seconds.
  path: Assets/Materials/Materials/New Render Texture.mat
  artifactKey: Guid(60598651d1130418dbf5b1cae839cc9a) Importer(815301076,1909f56bfc062723c751e8b465ee728b)
Number of updated assets reloaded before import = 0
Start importing Assets/Materials/Materials/New Render Texture.mat using Guid(60598651d1130418dbf5b1cae839cc9a) Importer(815301076,1909f56bfc062723c751e8b465ee728b)  -> (artifact id: 'c362fb2471e842e9be1fb39a4e9db6cc') in 0.015157 seconds 
Number of asset objects unloaded after import = 2
========================================================================
Received Import Request.
  Time since last request: 2814.461825 seconds.
  path: Assets/Samples/Universal AR
  artifactKey: Guid(b5e3f66013bf84cce8039ec14fc7a7b1) Importer(815301076,1909f56bfc062723c751e8b465ee728b)
Number of updated assets reloaded before import = 0
Start importing Assets/Samples/Universal AR using Guid(b5e3f66013bf84cce8039ec14fc7a7b1) Importer(815301076,1909f56bfc062723c751e8b465ee728b)  -> (artifact id: '9250a8b31ef8d43f16f9bd793a15e817') in 0.001411 seconds 
Number of asset objects unloaded after import = 0
========================================================================
Received Import Request.
  Time since last request: 0.775314 seconds.
  path: Assets/Samples/Universal AR/3.2.10
  artifactKey: Guid(25134297b9fcb467fa64ede83235249b) Importer(815301076,1909f56bfc062723c751e8b465ee728b)
Number of updated assets reloaded before import = 0
Start importing Assets/Samples/Universal AR/3.2.10 using Guid(25134297b9fcb467fa64ede83235249b) Importer(815301076,1909f56bfc062723c751e8b465ee728b)  -> (artifact id: '6bd9fd83d9e9b435218fe07895a8c03c') in 0.001505 seconds 
Number of asset objects unloaded after import = 0
========================================================================
Received Import Request.
  Time since last request: 1015.487407 seconds.
  path: Assets/cover.jpg
  artifactKey: Guid(d1e7fb25743854986956bf09d5b87fc2) Importer(815301076,1909f56bfc062723c751e8b465ee728b)
Number of updated assets reloaded before import = 0
Start importing Assets/cover.jpg using Guid(d1e7fb25743854986956bf09d5b87fc2) Importer(815301076,1909f56bfc062723c751e8b465ee728b)  -> (artifact id: '1090565a35da5a79e9040d7209422b0c') in 1.410502 seconds 
Number of asset objects unloaded after import = 2
========================================================================
Received Import Request.
  Time since last request: 11.231432 seconds.
  path: Assets/Scripts
  artifactKey: Guid(522931266727f4db1b5eff4018567a16) Importer(815301076,1909f56bfc062723c751e8b465ee728b)
Number of updated assets reloaded before import = 0
Start importing Assets/Scripts using Guid(522931266727f4db1b5eff4018567a16) Importer(815301076,1909f56bfc062723c751e8b465ee728b)  -> (artifact id: '5b75c38469bf2cf6e9e1393f16eb96b3') in 0.002319 seconds 
Number of asset objects unloaded after import = 0
========================================================================
Received Import Request.
  Time since last request: 0.835266 seconds.
  path: Assets/Samples
  artifactKey: Guid(e7c5333462d0c4f01848e560910a807c) Importer(815301076,1909f56bfc062723c751e8b465ee728b)
Number of updated assets reloaded before import = 0
Start importing Assets/Samples using Guid(e7c5333462d0c4f01848e560910a807c) Importer(815301076,1909f56bfc062723c751e8b465ee728b)  -> (artifact id: 'aa2350ff06c151f1236614ffa87c1c6d') in 0.004278 seconds 
Number of asset objects unloaded after import = 0
========================================================================
Received Import Request.
  Time since last request: 24.357046 seconds.
  path: Assets/Scripts/AnchorARContent.cs
  artifactKey: Guid(68a180176a5f24bf5a56819d94c0bf13) Importer(815301076,1909f56bfc062723c751e8b465ee728b)
Number of updated assets reloaded before import = 0
Start importing Assets/Scripts/AnchorARContent.cs using Guid(68a180176a5f24bf5a56819d94c0bf13) Importer(815301076,1909f56bfc062723c751e8b465ee728b)  -> (artifact id: '0f643aaa045cd8295925c0da2cc3528e') in 0.374819 seconds 
Number of asset objects unloaded after import = 0
========================================================================
Received Prepare
Registering precompiled user dll's ...
Registered in 0.006223 seconds.
Begin MonoManager ReloadAssembly
Native extension for OSXStandalone target not found
Native extension for WebGL target not found
Refreshing native plugins compatible for Editor in 1.08 ms, found 4 plugins.
Preloading 1 native plugins for Editor in 0.91 ms.
System.NullReferenceException: Object reference not set to an instance of an object
  at Zappar.Editor.ZapparUARSettingsProvider.GetOrCreateSettings () [0x00059] in /Users/narabikkina/Documents/Ich/Tatar party/Сабантуй/baursak-ar/Library/PackageCache/com.zappar.uar@1c682ec0d1/Editor/ZapparUARSettingsProvider.cs:148 
  at Zappar.Editor.PackageImportSettings.RefreshPackage () [0x00036] in /Users/narabikkina/Documents/Ich/Tatar party/Сабантуй/baursak-ar/Library/PackageCache/com.zappar.uar@1c682ec0d1/Editor/PackageImportSettings.cs:31 
  at Zappar.Editor.PackageImportSettings..cctor () [0x00000] in /Users/narabikkina/Documents/Ich/Tatar party/Сабантуй/baursak-ar/Library/PackageCache/com.zappar.uar@1c682ec0d1/Editor/PackageImportSettings.cs:13 
UnityEngine.StackTraceUtility:ExtractStackTrace () (at /Users/bokken/build/output/unity/unity/Runtime/Export/Scripting/StackTrace.cs:37)
UnityEngine.DebugLogHandler:LogFormat (UnityEngine.LogType,UnityEngine.Object,string,object[])
UnityEngine.Logger:Log (UnityEngine.LogType,object)
UnityEngine.Debug:LogError (object)
UnityEditor.EditorAssemblies:ProcessInitializeOnLoadAttributes (System.Type[]) (at /Users/bokken/build/output/unity/unity/Editor/Mono/EditorAssemblies.cs:134)

(Filename: /Users/bokken/build/output/unity/unity/Editor/Mono/EditorAssemblies.cs Line: 134)

[Package Manager] Server::EnsureServerProcessIsRunning -- launch failed, reason: Unity was launched with the -noUpm command-line argument
[Package Manager] Cannot connect to Unity Package Manager local server
Mono: successfully reloaded assembly
- Completed reload, in  3.610 seconds
Domain Reload Profiling:
	ReloadAssembly (3613ms)
		BeginReloadAssembly (579ms)
			ExecutionOrderSort (0ms)
			DisableScriptedObjects (16ms)
			BackupInstance (0ms)
			ReleaseScriptingObjects (0ms)
			CreateAndSetChildDomain (261ms)
		EndReloadAssembly (2795ms)
			LoadAssemblies (250ms)
			RebuildTransferFunctionScriptingTraits (0ms)
			SetupTypeCache (849ms)
			ReleaseScriptCaches (2ms)
			RebuildScriptCaches (119ms)
			SetupLoadedEditorAssemblies (1537ms)
				LogAssemblyErrors (0ms)
				InitializePlatformSupportModulesInManaged (11ms)
				SetLoadedEditorAssemblies (1ms)
				RefreshPlugins (2ms)
				BeforeProcessingInitializeOnLoad (126ms)
				ProcessInitializeOnLoadAttributes (1326ms)
				ProcessInitializeOnLoadMethodAttributes (67ms)
				AfterProcessingInitializeOnLoad (3ms)
				EditorAssembliesLoaded (1ms)
			ExecutionOrderSort2 (0ms)
			AwakeInstancesAfterBackupRestoration (16ms)
Platform modules already initialized, skipping
Refreshing native plugins compatible for Editor in 1.11 ms, found 4 plugins.
Preloading 1 native plugins for Editor in 0.97 ms.
Unloading 3125 Unused Serialized files (Serialized files now loaded: 0)
Unloading 36 unused Assets / (23.0 KB). Loaded Objects now: 3674.
Memory consumption went from 129.3 MB to 129.3 MB.
Total: 11.583908 ms (FindLiveObjects: 0.837966 ms CreateObjectMapping: 0.248985 ms MarkObjects: 10.441390 ms  DeleteObjects: 0.053456 ms)

AssetImportParameters requested are different than current active one (requested -> active):
  custom:video-decoder-ogg-theora: a1e56fd34408186e4bbccfd4996cb3dc -> 
  custom:container-muxer-webm: aa71ff27fc2769a1b78a27578f13a17b -> 
  custom:container-demuxer-webm: 4f35f7cbe854078d1ac9338744f61a02 -> 
  custom:video-encoder-webm-vp8: eb34c28f22e8b96e1ab97ce403110664 -> 
  custom:framework-osx-AVFoundation: e770b220cccbd017edd2c1fefb359320 -> 
  custom:CustomObjectIndexerAttribute: bc11b3a6c3213fcdd17b65e7da85e133 -> 
  custom:audio-encoder-webm-vorbis: bf7c407c2cedff20999df2af8eb42d56 -> 
  custom:SearchIndexIgnoredProperties: e643bd26f0fe6173181afceb89e7c659 -> 
  custom:container-demuxer-ogg: 62fdf1f143b41e24485cea50d1cbac27 -> 
  custom:video-decoder-webm-vp8: 9c59270c3fd7afecdb556c50c9e8de78 -> 
  custom:audio-decoder-ogg-vorbis: bf7c407c2cedff20999df2af8eb42d56 -> 
========================================================================
Received Import Request.
  Time since last request: 87.997205 seconds.
  path: Assets/Scripts/AnchorARContent.cs
  artifactKey: Guid(68a180176a5f24bf5a56819d94c0bf13) Importer(815301076,1909f56bfc062723c751e8b465ee728b)
Number of updated assets reloaded before import = 0
Start importing Assets/Scripts/AnchorARContent.cs using Guid(68a180176a5f24bf5a56819d94c0bf13) Importer(815301076,1909f56bfc062723c751e8b465ee728b)  -> (artifact id: '83d6f2a791ad6d3f9d8be2eeca9284ce') in 0.008999 seconds 
Number of asset objects unloaded after import = 0
========================================================================
Received Prepare
Registering precompiled user dll's ...
Registered in 0.003725 seconds.
Begin MonoManager ReloadAssembly
Native extension for OSXStandalone target not found
Native extension for WebGL target not found
Refreshing native plugins compatible for Editor in 0.75 ms, found 4 plugins.
Preloading 1 native plugins for Editor in 0.61 ms.
System.NullReferenceException: Object reference not set to an instance of an object
  at Zappar.Editor.ZapparUARSettingsProvider.GetOrCreateSettings () [0x00059] in /Users/narabikkina/Documents/Ich/Tatar party/Сабантуй/baursak-ar/Library/PackageCache/com.zappar.uar@1c682ec0d1/Editor/ZapparUARSettingsProvider.cs:148 
  at Zappar.Editor.PackageImportSettings.RefreshPackage () [0x00036] in /Users/narabikkina/Documents/Ich/Tatar party/Сабантуй/baursak-ar/Library/PackageCache/com.zappar.uar@1c682ec0d1/Editor/PackageImportSettings.cs:31 
  at Zappar.Editor.PackageImportSettings..cctor () [0x00000] in /Users/narabikkina/Documents/Ich/Tatar party/Сабантуй/baursak-ar/Library/PackageCache/com.zappar.uar@1c682ec0d1/Editor/PackageImportSettings.cs:13 
UnityEngine.StackTraceUtility:ExtractStackTrace () (at /Users/bokken/build/output/unity/unity/Runtime/Export/Scripting/StackTrace.cs:37)
UnityEngine.DebugLogHandler:LogFormat (UnityEngine.LogType,UnityEngine.Object,string,object[])
UnityEngine.Logger:Log (UnityEngine.LogType,object)
UnityEngine.Debug:LogError (object)
UnityEditor.EditorAssemblies:ProcessInitializeOnLoadAttributes (System.Type[]) (at /Users/bokken/build/output/unity/unity/Editor/Mono/EditorAssemblies.cs:134)

(Filename: /Users/bokken/build/output/unity/unity/Editor/Mono/EditorAssemblies.cs Line: 134)

[Package Manager] Server::EnsureServerProcessIsRunning -- launch failed, reason: Unity was launched with the -noUpm command-line argument
[Package Manager] Cannot connect to Unity Package Manager local server
Mono: successfully reloaded assembly
- Completed reload, in  2.094 seconds
Domain Reload Profiling:
	ReloadAssembly (2095ms)
		BeginReloadAssembly (198ms)
			ExecutionOrderSort (0ms)
			DisableScriptedObjects (8ms)
			BackupInstance (0ms)
			ReleaseScriptingObjects (0ms)
			CreateAndSetChildDomain (66ms)
		EndReloadAssembly (1755ms)
			LoadAssemblies (110ms)
			RebuildTransferFunctionScriptingTraits (0ms)
			SetupTypeCache (579ms)
			ReleaseScriptCaches (2ms)
			RebuildScriptCaches (72ms)
			SetupLoadedEditorAssemblies (918ms)
				LogAssemblyErrors (0ms)
				InitializePlatformSupportModulesInManaged (8ms)
				SetLoadedEditorAssemblies (1ms)
				RefreshPlugins (1ms)
				BeforeProcessingInitializeOnLoad (84ms)
				ProcessInitializeOnLoadAttributes (794ms)
				ProcessInitializeOnLoadMethodAttributes (28ms)
				AfterProcessingInitializeOnLoad (2ms)
				EditorAssembliesLoaded (0ms)
			ExecutionOrderSort2 (0ms)
			AwakeInstancesAfterBackupRestoration (7ms)
Platform modules already initialized, skipping
Refreshing native plugins compatible for Editor in 0.76 ms, found 4 plugins.
Preloading 1 native plugins for Editor in 0.48 ms.
Unloading 3125 Unused Serialized files (Serialized files now loaded: 0)
Unloading 36 unused Assets / (21.9 KB). Loaded Objects now: 3678.
Memory consumption went from 129.4 MB to 129.3 MB.
Total: 3.852939 ms (FindLiveObjects: 0.260671 ms CreateObjectMapping: 0.156437 ms MarkObjects: 3.381135 ms  DeleteObjects: 0.053285 ms)

AssetImportParameters requested are different than current active one (requested -> active):
  custom:video-decoder-ogg-theora: a1e56fd34408186e4bbccfd4996cb3dc -> 
  custom:container-muxer-webm: aa71ff27fc2769a1b78a27578f13a17b -> 
  custom:container-demuxer-webm: 4f35f7cbe854078d1ac9338744f61a02 -> 
  custom:video-encoder-webm-vp8: eb34c28f22e8b96e1ab97ce403110664 -> 
  custom:framework-osx-AVFoundation: e770b220cccbd017edd2c1fefb359320 -> 
  custom:CustomObjectIndexerAttribute: bc11b3a6c3213fcdd17b65e7da85e133 -> 
  custom:audio-encoder-webm-vorbis: bf7c407c2cedff20999df2af8eb42d56 -> 
  custom:SearchIndexIgnoredProperties: e643bd26f0fe6173181afceb89e7c659 -> 
  custom:container-demuxer-ogg: 62fdf1f143b41e24485cea50d1cbac27 -> 
  custom:video-decoder-webm-vp8: 9c59270c3fd7afecdb556c50c9e8de78 -> 
  custom:audio-decoder-ogg-vorbis: bf7c407c2cedff20999df2af8eb42d56 -> 
========================================================================
Received Prepare
Refreshing native plugins compatible for Editor in 9.67 ms, found 4 plugins.
Preloading 1 native plugins for Editor in 0.73 ms.
Unloading 33 Unused Serialized files (Serialized files now loaded: 0)
Unloading 33 unused Assets / (21.9 KB). Loaded Objects now: 3678.
Memory consumption went from 66.5 MB to 66.5 MB.
Total: 5.725617 ms (FindLiveObjects: 0.344426 ms CreateObjectMapping: 0.278848 ms MarkObjects: 5.060010 ms  DeleteObjects: 0.040850 ms)

AssetImportParameters requested are different than current active one (requested -> active):
  custom:video-decoder-ogg-theora: a1e56fd34408186e4bbccfd4996cb3dc -> 
  custom:container-muxer-webm: aa71ff27fc2769a1b78a27578f13a17b -> 
  custom:container-demuxer-webm: 4f35f7cbe854078d1ac9338744f61a02 -> 
  custom:video-encoder-webm-vp8: eb34c28f22e8b96e1ab97ce403110664 -> 
  custom:framework-osx-AVFoundation: e770b220cccbd017edd2c1fefb359320 -> 
  custom:CustomObjectIndexerAttribute: bc11b3a6c3213fcdd17b65e7da85e133 -> 
  custom:audio-encoder-webm-vorbis: bf7c407c2cedff20999df2af8eb42d56 -> 
  custom:SearchIndexIgnoredProperties: e643bd26f0fe6173181afceb89e7c659 -> 
  custom:container-demuxer-ogg: 62fdf1f143b41e24485cea50d1cbac27 -> 
  custom:video-decoder-webm-vp8: 9c59270c3fd7afecdb556c50c9e8de78 -> 
  custom:audio-decoder-ogg-vorbis: bf7c407c2cedff20999df2af8eb42d56 -> 
========================================================================
Received Import Request.
  Time since last request: 2057.543889 seconds.
  path: Assets/Scripts/AnchorARContent.cs
  artifactKey: Guid(68a180176a5f24bf5a56819d94c0bf13) Importer(815301076,1909f56bfc062723c751e8b465ee728b)
Number of updated assets reloaded before import = 0
Start importing Assets/Scripts/AnchorARContent.cs using Guid(68a180176a5f24bf5a56819d94c0bf13) Importer(815301076,1909f56bfc062723c751e8b465ee728b)  -> (artifact id: '919e678b7bade417e29b33e759684e70') in 0.003397 seconds 
Number of asset objects unloaded after import = 0
========================================================================
Received Import Request.
  Time since last request: 207.725207 seconds.
  path: Assets/Scripts/DetachOnceSeen.cs
  artifactKey: Guid(871339622340649a99d2cb016965a89b) Importer(815301076,1909f56bfc062723c751e8b465ee728b)
Number of updated assets reloaded before import = 0
Start importing Assets/Scripts/DetachOnceSeen.cs using Guid(871339622340649a99d2cb016965a89b) Importer(815301076,1909f56bfc062723c751e8b465ee728b)  -> (artifact id: 'e02cafdd356b2245c44ca4a26fac26aa') in 0.002157 seconds 
Number of asset objects unloaded after import = 0
========================================================================
Received Prepare
Registering precompiled user dll's ...
Registered in 0.004717 seconds.
Begin MonoManager ReloadAssembly
Native extension for OSXStandalone target not found
Native extension for WebGL target not found
Refreshing native plugins compatible for Editor in 1.08 ms, found 4 plugins.
Preloading 1 native plugins for Editor in 4.02 ms.
System.NullReferenceException: Object reference not set to an instance of an object
  at Zappar.Editor.ZapparUARSettingsProvider.GetOrCreateSettings () [0x00059] in /Users/narabikkina/Documents/Ich/Tatar party/Сабантуй/baursak-ar/Library/PackageCache/com.zappar.uar@1c682ec0d1/Editor/ZapparUARSettingsProvider.cs:148 
  at Zappar.Editor.PackageImportSettings.RefreshPackage () [0x00036] in /Users/narabikkina/Documents/Ich/Tatar party/Сабантуй/baursak-ar/Library/PackageCache/com.zappar.uar@1c682ec0d1/Editor/PackageImportSettings.cs:31 
  at Zappar.Editor.PackageImportSettings..cctor () [0x00000] in /Users/narabikkina/Documents/Ich/Tatar party/Сабантуй/baursak-ar/Library/PackageCache/com.zappar.uar@1c682ec0d1/Editor/PackageImportSettings.cs:13 
UnityEngine.StackTraceUtility:ExtractStackTrace () (at /Users/bokken/build/output/unity/unity/Runtime/Export/Scripting/StackTrace.cs:37)
UnityEngine.DebugLogHandler:LogFormat (UnityEngine.LogType,UnityEngine.Object,string,object[])
UnityEngine.Logger:Log (UnityEngine.LogType,object)
UnityEngine.Debug:LogError (object)
UnityEditor.EditorAssemblies:ProcessInitializeOnLoadAttributes (System.Type[]) (at /Users/bokken/build/output/unity/unity/Editor/Mono/EditorAssemblies.cs:134)

(Filename: /Users/bokken/build/output/unity/unity/Editor/Mono/EditorAssemblies.cs Line: 134)

[Package Manager] Server::EnsureServerProcessIsRunning -- launch failed, reason: Unity was launched with the -noUpm command-line argument
[Package Manager] Cannot connect to Unity Package Manager local server
Mono: successfully reloaded assembly
- Completed reload, in  4.095 seconds
Domain Reload Profiling:
	ReloadAssembly (4098ms)
		BeginReloadAssembly (408ms)
			ExecutionOrderSort (0ms)
			DisableScriptedObjects (22ms)
			BackupInstance (0ms)
			ReleaseScriptingObjects (0ms)
			CreateAndSetChildDomain (143ms)
		EndReloadAssembly (3425ms)
			LoadAssemblies (195ms)
			RebuildTransferFunctionScriptingTraits (0ms)
			SetupTypeCache (1005ms)
			ReleaseScriptCaches (1ms)
			RebuildScriptCaches (88ms)
			SetupLoadedEditorAssemblies (1850ms)
				LogAssemblyErrors (0ms)
				InitializePlatformSupportModulesInManaged (15ms)
				SetLoadedEditorAssemblies (1ms)
				RefreshPlugins (5ms)
				BeforeProcessingInitializeOnLoad (143ms)
				ProcessInitializeOnLoadAttributes (1538ms)
				ProcessInitializeOnLoadMethodAttributes (137ms)
				AfterProcessingInitializeOnLoad (10ms)
				EditorAssembliesLoaded (0ms)
			ExecutionOrderSort2 (0ms)
			AwakeInstancesAfterBackupRestoration (25ms)
Platform modules already initialized, skipping
Refreshing native plugins compatible for Editor in 1.03 ms, found 4 plugins.
Preloading 1 native plugins for Editor in 0.79 ms.
Unloading 3126 Unused Serialized files (Serialized files now loaded: 0)
Unloading 36 unused Assets / (23.0 KB). Loaded Objects now: 3683.
Memory consumption went from 129.4 MB to 129.4 MB.
Total: 10.593091 ms (FindLiveObjects: 0.483845 ms CreateObjectMapping: 0.283018 ms MarkObjects: 9.756415 ms  DeleteObjects: 0.067574 ms)

AssetImportParameters requested are different than current active one (requested -> active):
  custom:video-decoder-ogg-theora: a1e56fd34408186e4bbccfd4996cb3dc -> 
  custom:container-muxer-webm: aa71ff27fc2769a1b78a27578f13a17b -> 
  custom:container-demuxer-webm: 4f35f7cbe854078d1ac9338744f61a02 -> 
  custom:video-encoder-webm-vp8: eb34c28f22e8b96e1ab97ce403110664 -> 
  custom:framework-osx-AVFoundation: e770b220cccbd017edd2c1fefb359320 -> 
  custom:CustomObjectIndexerAttribute: bc11b3a6c3213fcdd17b65e7da85e133 -> 
  custom:audio-encoder-webm-vorbis: bf7c407c2cedff20999df2af8eb42d56 -> 
  custom:SearchIndexIgnoredProperties: e643bd26f0fe6173181afceb89e7c659 -> 
  custom:container-demuxer-ogg: 62fdf1f143b41e24485cea50d1cbac27 -> 
  custom:video-decoder-webm-vp8: 9c59270c3fd7afecdb556c50c9e8de78 -> 
  custom:audio-decoder-ogg-vorbis: bf7c407c2cedff20999df2af8eb42d56 -> 
========================================================================
Received Prepare
Registering precompiled user dll's ...
Registered in 0.004329 seconds.
Begin MonoManager ReloadAssembly
Native extension for OSXStandalone target not found
Native extension for WebGL target not found
Refreshing native plugins compatible for Editor in 0.71 ms, found 4 plugins.
Preloading 1 native plugins for Editor in 0.55 ms.
System.NullReferenceException: Object reference not set to an instance of an object
  at Zappar.Editor.ZapparUARSettingsProvider.GetOrCreateSettings () [0x00059] in /Users/narabikkina/Documents/Ich/Tatar party/Сабантуй/baursak-ar/Library/PackageCache/com.zappar.uar@1c682ec0d1/Editor/ZapparUARSettingsProvider.cs:148 
  at Zappar.Editor.PackageImportSettings.RefreshPackage () [0x00036] in /Users/narabikkina/Documents/Ich/Tatar party/Сабантуй/baursak-ar/Library/PackageCache/com.zappar.uar@1c682ec0d1/Editor/PackageImportSettings.cs:31 
  at Zappar.Editor.PackageImportSettings..cctor () [0x00000] in /Users/narabikkina/Documents/Ich/Tatar party/Сабантуй/baursak-ar/Library/PackageCache/com.zappar.uar@1c682ec0d1/Editor/PackageImportSettings.cs:13 
UnityEngine.StackTraceUtility:ExtractStackTrace () (at /Users/bokken/build/output/unity/unity/Runtime/Export/Scripting/StackTrace.cs:37)
UnityEngine.DebugLogHandler:LogFormat (UnityEngine.LogType,UnityEngine.Object,string,object[])
UnityEngine.Logger:Log (UnityEngine.LogType,object)
UnityEngine.Debug:LogError (object)
UnityEditor.EditorAssemblies:ProcessInitializeOnLoadAttributes (System.Type[]) (at /Users/bokken/build/output/unity/unity/Editor/Mono/EditorAssemblies.cs:134)

(Filename: /Users/bokken/build/output/unity/unity/Editor/Mono/EditorAssemblies.cs Line: 134)

[Package Manager] Server::EnsureServerProcessIsRunning -- launch failed, reason: Unity was launched with the -noUpm command-line argument
[Package Manager] Cannot connect to Unity Package Manager local server
Mono: successfully reloaded assembly
- Completed reload, in  2.160 seconds
Domain Reload Profiling:
	ReloadAssembly (2163ms)
		BeginReloadAssembly (199ms)
			ExecutionOrderSort (0ms)
			DisableScriptedObjects (9ms)
			BackupInstance (0ms)
			ReleaseScriptingObjects (0ms)
			CreateAndSetChildDomain (70ms)
		EndReloadAssembly (1826ms)
			LoadAssemblies (97ms)
			RebuildTransferFunctionScriptingTraits (0ms)
			SetupTypeCache (520ms)
			ReleaseScriptCaches (2ms)
			RebuildScriptCaches (110ms)
			SetupLoadedEditorAssemblies (997ms)
				LogAssemblyErrors (0ms)
				InitializePlatformSupportModulesInManaged (7ms)
				SetLoadedEditorAssemblies (1ms)
				RefreshPlugins (1ms)
				BeforeProcessingInitializeOnLoad (86ms)
				ProcessInitializeOnLoadAttributes (856ms)
				ProcessInitializeOnLoadMethodAttributes (45ms)
				AfterProcessingInitializeOnLoad (2ms)
				EditorAssembliesLoaded (0ms)
			ExecutionOrderSort2 (0ms)
			AwakeInstancesAfterBackupRestoration (11ms)
Platform modules already initialized, skipping
Refreshing native plugins compatible for Editor in 0.72 ms, found 4 plugins.
Preloading 1 native plugins for Editor in 0.50 ms.
Unloading 3126 Unused Serialized files (Serialized files now loaded: 0)
Unloading 36 unused Assets / (21.9 KB). Loaded Objects now: 3687.
Memory consumption went from 129.4 MB to 129.4 MB.
Total: 4.952160 ms (FindLiveObjects: 0.438945 ms CreateObjectMapping: 0.313475 ms MarkObjects: 4.153612 ms  DeleteObjects: 0.044576 ms)

AssetImportParameters requested are different than current active one (requested -> active):
  custom:video-decoder-ogg-theora: a1e56fd34408186e4bbccfd4996cb3dc -> 
  custom:container-muxer-webm: aa71ff27fc2769a1b78a27578f13a17b -> 
  custom:container-demuxer-webm: 4f35f7cbe854078d1ac9338744f61a02 -> 
  custom:video-encoder-webm-vp8: eb34c28f22e8b96e1ab97ce403110664 -> 
  custom:framework-osx-AVFoundation: e770b220cccbd017edd2c1fefb359320 -> 
  custom:CustomObjectIndexerAttribute: bc11b3a6c3213fcdd17b65e7da85e133 -> 
  custom:audio-encoder-webm-vorbis: bf7c407c2cedff20999df2af8eb42d56 -> 
  custom:SearchIndexIgnoredProperties: e643bd26f0fe6173181afceb89e7c659 -> 
  custom:container-demuxer-ogg: 62fdf1f143b41e24485cea50d1cbac27 -> 
  custom:video-decoder-webm-vp8: 9c59270c3fd7afecdb556c50c9e8de78 -> 
  custom:audio-decoder-ogg-vorbis: bf7c407c2cedff20999df2af8eb42d56 -> 
========================================================================
Received Prepare
Refreshing native plugins compatible for Editor in 11.25 ms, found 4 plugins.
Preloading 1 native plugins for Editor in 0.70 ms.
Unloading 33 Unused Serialized files (Serialized files now loaded: 0)
Unloading 33 unused Assets / (23.0 KB). Loaded Objects now: 3687.
Memory consumption went from 66.5 MB to 66.5 MB.
Total: 5.658600 ms (FindLiveObjects: 0.349410 ms CreateObjectMapping: 0.253325 ms MarkObjects: 5.010568 ms  DeleteObjects: 0.043676 ms)

AssetImportParameters requested are different than current active one (requested -> active):
  custom:video-decoder-ogg-theora: a1e56fd34408186e4bbccfd4996cb3dc -> 
  custom:container-muxer-webm: aa71ff27fc2769a1b78a27578f13a17b -> 
  custom:container-demuxer-webm: 4f35f7cbe854078d1ac9338744f61a02 -> 
  custom:video-encoder-webm-vp8: eb34c28f22e8b96e1ab97ce403110664 -> 
  custom:framework-osx-AVFoundation: e770b220cccbd017edd2c1fefb359320 -> 
  custom:CustomObjectIndexerAttribute: bc11b3a6c3213fcdd17b65e7da85e133 -> 
  custom:audio-encoder-webm-vorbis: bf7c407c2cedff20999df2af8eb42d56 -> 
  custom:SearchIndexIgnoredProperties: e643bd26f0fe6173181afceb89e7c659 -> 
  custom:container-demuxer-ogg: 62fdf1f143b41e24485cea50d1cbac27 -> 
  custom:video-decoder-webm-vp8: 9c59270c3fd7afecdb556c50c9e8de78 -> 
  custom:audio-decoder-ogg-vorbis: bf7c407c2cedff20999df2af8eb42d56 -> 
========================================================================
Received Prepare
Registering precompiled user dll's ...
Registered in 0.005089 seconds.
Begin MonoManager ReloadAssembly
Native extension for OSXStandalone target not found
Native extension for WebGL target not found
Refreshing native plugins compatible for Editor in 0.75 ms, found 4 plugins.
Preloading 1 native plugins for Editor in 0.59 ms.
System.NullReferenceException: Object reference not set to an instance of an object
  at Zappar.Editor.ZapparUARSettingsProvider.GetOrCreateSettings () [0x00059] in /Users/narabikkina/Documents/Ich/Tatar party/Сабантуй/baursak-ar/Library/PackageCache/com.zappar.uar@1c682ec0d1/Editor/ZapparUARSettingsProvider.cs:148 
  at Zappar.Editor.PackageImportSettings.RefreshPackage () [0x00036] in /Users/narabikkina/Documents/Ich/Tatar party/Сабантуй/baursak-ar/Library/PackageCache/com.zappar.uar@1c682ec0d1/Editor/PackageImportSettings.cs:31 
  at Zappar.Editor.PackageImportSettings..cctor () [0x00000] in /Users/narabikkina/Documents/Ich/Tatar party/Сабантуй/baursak-ar/Library/PackageCache/com.zappar.uar@1c682ec0d1/Editor/PackageImportSettings.cs:13 
UnityEngine.StackTraceUtility:ExtractStackTrace () (at /Users/bokken/build/output/unity/unity/Runtime/Export/Scripting/StackTrace.cs:37)
UnityEngine.DebugLogHandler:LogFormat (UnityEngine.LogType,UnityEngine.Object,string,object[])
UnityEngine.Logger:Log (UnityEngine.LogType,object)
UnityEngine.Debug:LogError (object)
UnityEditor.EditorAssemblies:ProcessInitializeOnLoadAttributes (System.Type[]) (at /Users/bokken/build/output/unity/unity/Editor/Mono/EditorAssemblies.cs:134)

(Filename: /Users/bokken/build/output/unity/unity/Editor/Mono/EditorAssemblies.cs Line: 134)

[Package Manager] Server::EnsureServerProcessIsRunning -- launch failed, reason: Unity was launched with the -noUpm command-line argument
[Package Manager] Cannot connect to Unity Package Manager local server
Mono: successfully reloaded assembly
- Completed reload, in  1.937 seconds
Domain Reload Profiling:
	ReloadAssembly (1938ms)
		BeginReloadAssembly (203ms)
			ExecutionOrderSort (0ms)
			DisableScriptedObjects (9ms)
			BackupInstance (0ms)
			ReleaseScriptingObjects (0ms)
			CreateAndSetChildDomain (77ms)
		EndReloadAssembly (1601ms)
			LoadAssemblies (90ms)
			RebuildTransferFunctionScriptingTraits (0ms)
			SetupTypeCache (454ms)
			ReleaseScriptCaches (2ms)
			RebuildScriptCaches (65ms)
			SetupLoadedEditorAssemblies (925ms)
				LogAssemblyErrors (0ms)
				InitializePlatformSupportModulesInManaged (7ms)
				SetLoadedEditorAssemblies (1ms)
				RefreshPlugins (1ms)
				BeforeProcessingInitializeOnLoad (83ms)
				ProcessInitializeOnLoadAttributes (803ms)
				ProcessInitializeOnLoadMethodAttributes (28ms)
				AfterProcessingInitializeOnLoad (2ms)
				EditorAssembliesLoaded (0ms)
			ExecutionOrderSort2 (0ms)
			AwakeInstancesAfterBackupRestoration (7ms)
Platform modules already initialized, skipping
Refreshing native plugins compatible for Editor in 0.66 ms, found 4 plugins.
Preloading 1 native plugins for Editor in 0.45 ms.
Unloading 3126 Unused Serialized files (Serialized files now loaded: 0)
Unloading 36 unused Assets / (21.9 KB). Loaded Objects now: 3691.
Memory consumption went from 129.4 MB to 129.4 MB.
Total: 4.116022 ms (FindLiveObjects: 0.263040 ms CreateObjectMapping: 0.151432 ms MarkObjects: 3.651816 ms  DeleteObjects: 0.048280 ms)

AssetImportParameters requested are different than current active one (requested -> active):
  custom:video-decoder-ogg-theora: a1e56fd34408186e4bbccfd4996cb3dc -> 
  custom:container-muxer-webm: aa71ff27fc2769a1b78a27578f13a17b -> 
  custom:container-demuxer-webm: 4f35f7cbe854078d1ac9338744f61a02 -> 
  custom:video-encoder-webm-vp8: eb34c28f22e8b96e1ab97ce403110664 -> 
  custom:framework-osx-AVFoundation: e770b220cccbd017edd2c1fefb359320 -> 
  custom:CustomObjectIndexerAttribute: bc11b3a6c3213fcdd17b65e7da85e133 -> 
  custom:audio-encoder-webm-vorbis: bf7c407c2cedff20999df2af8eb42d56 -> 
  custom:SearchIndexIgnoredProperties: e643bd26f0fe6173181afceb89e7c659 -> 
  custom:container-demuxer-ogg: 62fdf1f143b41e24485cea50d1cbac27 -> 
  custom:video-decoder-webm-vp8: 9c59270c3fd7afecdb556c50c9e8de78 -> 
  custom:audio-decoder-ogg-vorbis: bf7c407c2cedff20999df2af8eb42d56 -> 
========================================================================
Received Prepare
Refreshing native plugins compatible for Editor in 11.52 ms, found 4 plugins.
Preloading 1 native plugins for Editor in 0.81 ms.
Unloading 33 Unused Serialized files (Serialized files now loaded: 0)
Unloading 33 unused Assets / (21.9 KB). Loaded Objects now: 3691.
Memory consumption went from 66.5 MB to 66.5 MB.
Total: 6.379195 ms (FindLiveObjects: 0.362416 ms CreateObjectMapping: 0.249124 ms MarkObjects: 5.726002 ms  DeleteObjects: 0.039883 ms)

AssetImportParameters requested are different than current active one (requested -> active):
  custom:video-decoder-ogg-theora: a1e56fd34408186e4bbccfd4996cb3dc -> 
  custom:container-muxer-webm: aa71ff27fc2769a1b78a27578f13a17b -> 
  custom:container-demuxer-webm: 4f35f7cbe854078d1ac9338744f61a02 -> 
  custom:video-encoder-webm-vp8: eb34c28f22e8b96e1ab97ce403110664 -> 
  custom:framework-osx-AVFoundation: e770b220cccbd017edd2c1fefb359320 -> 
  custom:CustomObjectIndexerAttribute: bc11b3a6c3213fcdd17b65e7da85e133 -> 
  custom:audio-encoder-webm-vorbis: bf7c407c2cedff20999df2af8eb42d56 -> 
  custom:SearchIndexIgnoredProperties: e643bd26f0fe6173181afceb89e7c659 -> 
  custom:container-demuxer-ogg: 62fdf1f143b41e24485cea50d1cbac27 -> 
  custom:video-decoder-webm-vp8: 9c59270c3fd7afecdb556c50c9e8de78 -> 
  custom:audio-decoder-ogg-vorbis: bf7c407c2cedff20999df2af8eb42d56 -> 
========================================================================
Received Prepare
Registering precompiled user dll's ...
Registered in 0.004320 seconds.
Begin MonoManager ReloadAssembly
Native extension for OSXStandalone target not found
Native extension for WebGL target not found
Refreshing native plugins compatible for Editor in 0.72 ms, found 4 plugins.
Preloading 1 native plugins for Editor in 0.69 ms.
System.NullReferenceException: Object reference not set to an instance of an object
  at Zappar.Editor.ZapparUARSettingsProvider.GetOrCreateSettings () [0x00059] in /Users/narabikkina/Documents/Ich/Tatar party/Сабантуй/baursak-ar/Library/PackageCache/com.zappar.uar@1c682ec0d1/Editor/ZapparUARSettingsProvider.cs:148 
  at Zappar.Editor.PackageImportSettings.RefreshPackage () [0x00036] in /Users/narabikkina/Documents/Ich/Tatar party/Сабантуй/baursak-ar/Library/PackageCache/com.zappar.uar@1c682ec0d1/Editor/PackageImportSettings.cs:31 
  at Zappar.Editor.PackageImportSettings..cctor () [0x00000] in /Users/narabikkina/Documents/Ich/Tatar party/Сабантуй/baursak-ar/Library/PackageCache/com.zappar.uar@1c682ec0d1/Editor/PackageImportSettings.cs:13 
UnityEngine.StackTraceUtility:ExtractStackTrace () (at /Users/bokken/build/output/unity/unity/Runtime/Export/Scripting/StackTrace.cs:37)
UnityEngine.DebugLogHandler:LogFormat (UnityEngine.LogType,UnityEngine.Object,string,object[])
UnityEngine.Logger:Log (UnityEngine.LogType,object)
UnityEngine.Debug:LogError (object)
UnityEditor.EditorAssemblies:ProcessInitializeOnLoadAttributes (System.Type[]) (at /Users/bokken/build/output/unity/unity/Editor/Mono/EditorAssemblies.cs:134)

(Filename: /Users/bokken/build/output/unity/unity/Editor/Mono/EditorAssemblies.cs Line: 134)

[Package Manager] Server::EnsureServerProcessIsRunning -- launch failed, reason: Unity was launched with the -noUpm command-line argument
[Package Manager] Cannot connect to Unity Package Manager local server
Mono: successfully reloaded assembly
- Completed reload, in  1.946 seconds
Domain Reload Profiling:
	ReloadAssembly (1946ms)
		BeginReloadAssembly (204ms)
			ExecutionOrderSort (0ms)
			DisableScriptedObjects (8ms)
			BackupInstance (0ms)
			ReleaseScriptingObjects (0ms)
			CreateAndSetChildDomain (74ms)
		EndReloadAssembly (1604ms)
			LoadAssemblies (98ms)
			RebuildTransferFunctionScriptingTraits (0ms)
			SetupTypeCache (467ms)
			ReleaseScriptCaches (2ms)
			RebuildScriptCaches (67ms)
			SetupLoadedEditorAssemblies (907ms)
				LogAssemblyErrors (0ms)
				InitializePlatformSupportModulesInManaged (7ms)
				SetLoadedEditorAssemblies (1ms)
				RefreshPlugins (2ms)
				BeforeProcessingInitializeOnLoad (83ms)
				ProcessInitializeOnLoadAttributes (784ms)
				ProcessInitializeOnLoadMethodAttributes (29ms)
				AfterProcessingInitializeOnLoad (2ms)
				EditorAssembliesLoaded (0ms)
			ExecutionOrderSort2 (0ms)
			AwakeInstancesAfterBackupRestoration (7ms)
Platform modules already initialized, skipping
Refreshing native plugins compatible for Editor in 0.77 ms, found 4 plugins.
Preloading 1 native plugins for Editor in 0.51 ms.
Unloading 3126 Unused Serialized files (Serialized files now loaded: 0)
Unloading 36 unused Assets / (23.0 KB). Loaded Objects now: 3695.
Memory consumption went from 129.4 MB to 129.4 MB.
Total: 4.026141 ms (FindLiveObjects: 0.252464 ms CreateObjectMapping: 0.137066 ms MarkObjects: 3.544089 ms  DeleteObjects: 0.091329 ms)

AssetImportParameters requested are different than current active one (requested -> active):
  custom:video-decoder-ogg-theora: a1e56fd34408186e4bbccfd4996cb3dc -> 
  custom:container-muxer-webm: aa71ff27fc2769a1b78a27578f13a17b -> 
  custom:container-demuxer-webm: 4f35f7cbe854078d1ac9338744f61a02 -> 
  custom:video-encoder-webm-vp8: eb34c28f22e8b96e1ab97ce403110664 -> 
  custom:framework-osx-AVFoundation: e770b220cccbd017edd2c1fefb359320 -> 
  custom:CustomObjectIndexerAttribute: bc11b3a6c3213fcdd17b65e7da85e133 -> 
  custom:audio-encoder-webm-vorbis: bf7c407c2cedff20999df2af8eb42d56 -> 
  custom:SearchIndexIgnoredProperties: e643bd26f0fe6173181afceb89e7c659 -> 
  custom:container-demuxer-ogg: 62fdf1f143b41e24485cea50d1cbac27 -> 
  custom:video-decoder-webm-vp8: 9c59270c3fd7afecdb556c50c9e8de78 -> 
  custom:audio-decoder-ogg-vorbis: bf7c407c2cedff20999df2af8eb42d56 -> 
========================================================================
Received Prepare
Refreshing native plugins compatible for Editor in 10.46 ms, found 4 plugins.
Preloading 1 native plugins for Editor in 0.70 ms.
Unloading 33 Unused Serialized files (Serialized files now loaded: 0)
Unloading 33 unused Assets / (22.0 KB). Loaded Objects now: 3695.
Memory consumption went from 66.6 MB to 66.5 MB.
Total: 5.833268 ms (FindLiveObjects: 0.350468 ms CreateObjectMapping: 0.232001 ms MarkObjects: 5.208361 ms  DeleteObjects: 0.041009 ms)

AssetImportParameters requested are different than current active one (requested -> active):
  custom:video-decoder-ogg-theora: a1e56fd34408186e4bbccfd4996cb3dc -> 
  custom:container-muxer-webm: aa71ff27fc2769a1b78a27578f13a17b -> 
  custom:container-demuxer-webm: 4f35f7cbe854078d1ac9338744f61a02 -> 
  custom:video-encoder-webm-vp8: eb34c28f22e8b96e1ab97ce403110664 -> 
  custom:framework-osx-AVFoundation: e770b220cccbd017edd2c1fefb359320 -> 
  custom:CustomObjectIndexerAttribute: bc11b3a6c3213fcdd17b65e7da85e133 -> 
  custom:audio-encoder-webm-vorbis: bf7c407c2cedff20999df2af8eb42d56 -> 
  custom:SearchIndexIgnoredProperties: e643bd26f0fe6173181afceb89e7c659 -> 
  custom:container-demuxer-ogg: 62fdf1f143b41e24485cea50d1cbac27 -> 
  custom:video-decoder-webm-vp8: 9c59270c3fd7afecdb556c50c9e8de78 -> 
  custom:audio-decoder-ogg-vorbis: bf7c407c2cedff20999df2af8eb42d56 -> 
========================================================================
Received Prepare
Registering precompiled user dll's ...
Registered in 0.004322 seconds.
Begin MonoManager ReloadAssembly
Native extension for OSXStandalone target not found
Native extension for WebGL target not found
Refreshing native plugins compatible for Editor in 0.72 ms, found 4 plugins.
Preloading 1 native plugins for Editor in 0.48 ms.
System.NullReferenceException: Object reference not set to an instance of an object
  at Zappar.Editor.ZapparUARSettingsProvider.GetOrCreateSettings () [0x00059] in /Users/narabikkina/Documents/Ich/Tatar party/Сабантуй/baursak-ar/Library/PackageCache/com.zappar.uar@1c682ec0d1/Editor/ZapparUARSettingsProvider.cs:148 
  at Zappar.Editor.PackageImportSettings.RefreshPackage () [0x00036] in /Users/narabikkina/Documents/Ich/Tatar party/Сабантуй/baursak-ar/Library/PackageCache/com.zappar.uar@1c682ec0d1/Editor/PackageImportSettings.cs:31 
  at Zappar.Editor.PackageImportSettings..cctor () [0x00000] in /Users/narabikkina/Documents/Ich/Tatar party/Сабантуй/baursak-ar/Library/PackageCache/com.zappar.uar@1c682ec0d1/Editor/PackageImportSettings.cs:13 
UnityEngine.StackTraceUtility:ExtractStackTrace () (at /Users/bokken/build/output/unity/unity/Runtime/Export/Scripting/StackTrace.cs:37)
UnityEngine.DebugLogHandler:LogFormat (UnityEngine.LogType,UnityEngine.Object,string,object[])
UnityEngine.Logger:Log (UnityEngine.LogType,object)
UnityEngine.Debug:LogError (object)
UnityEditor.EditorAssemblies:ProcessInitializeOnLoadAttributes (System.Type[]) (at /Users/bokken/build/output/unity/unity/Editor/Mono/EditorAssemblies.cs:134)

(Filename: /Users/bokken/build/output/unity/unity/Editor/Mono/EditorAssemblies.cs Line: 134)

[Package Manager] Server::EnsureServerProcessIsRunning -- launch failed, reason: Unity was launched with the -noUpm command-line argument
[Package Manager] Cannot connect to Unity Package Manager local server
Mono: successfully reloaded assembly
- Completed reload, in  1.682 seconds
Domain Reload Profiling:
	ReloadAssembly (1683ms)
		BeginReloadAssembly (212ms)
			ExecutionOrderSort (0ms)
			DisableScriptedObjects (8ms)
			BackupInstance (0ms)
			ReleaseScriptingObjects (0ms)
			CreateAndSetChildDomain (76ms)
		EndReloadAssembly (1323ms)
			LoadAssemblies (98ms)
			RebuildTransferFunctionScriptingTraits (0ms)
			SetupTypeCache (480ms)
			ReleaseScriptCaches (2ms)
			RebuildScriptCaches (66ms)
			SetupLoadedEditorAssemblies (611ms)
				LogAssemblyErrors (0ms)
				InitializePlatformSupportModulesInManaged (7ms)
				SetLoadedEditorAssemblies (1ms)
				RefreshPlugins (1ms)
				BeforeProcessingInitializeOnLoad (84ms)
				ProcessInitializeOnLoadAttributes (487ms)
				ProcessInitializeOnLoadMethodAttributes (30ms)
				AfterProcessingInitializeOnLoad (2ms)
				EditorAssembliesLoaded (0ms)
			ExecutionOrderSort2 (0ms)
			AwakeInstancesAfterBackupRestoration (7ms)
Platform modules already initialized, skipping
Refreshing native plugins compatible for Editor in 0.70 ms, found 4 plugins.
Preloading 1 native plugins for Editor in 0.51 ms.
Unloading 3126 Unused Serialized files (Serialized files now loaded: 0)
Unloading 36 unused Assets / (21.9 KB). Loaded Objects now: 3699.
Memory consumption went from 129.4 MB to 129.4 MB.
Total: 4.119114 ms (FindLiveObjects: 0.261761 ms CreateObjectMapping: 0.156430 ms MarkObjects: 3.647300 ms  DeleteObjects: 0.049897 ms)

AssetImportParameters requested are different than current active one (requested -> active):
  custom:video-decoder-ogg-theora: a1e56fd34408186e4bbccfd4996cb3dc -> 
  custom:container-muxer-webm: aa71ff27fc2769a1b78a27578f13a17b -> 
  custom:container-demuxer-webm: 4f35f7cbe854078d1ac9338744f61a02 -> 
  custom:video-encoder-webm-vp8: eb34c28f22e8b96e1ab97ce403110664 -> 
  custom:framework-osx-AVFoundation: e770b220cccbd017edd2c1fefb359320 -> 
  custom:CustomObjectIndexerAttribute: bc11b3a6c3213fcdd17b65e7da85e133 -> 
  custom:audio-encoder-webm-vorbis: bf7c407c2cedff20999df2af8eb42d56 -> 
  custom:SearchIndexIgnoredProperties: e643bd26f0fe6173181afceb89e7c659 -> 
  custom:container-demuxer-ogg: 62fdf1f143b41e24485cea50d1cbac27 -> 
  custom:video-decoder-webm-vp8: 9c59270c3fd7afecdb556c50c9e8de78 -> 
  custom:audio-decoder-ogg-vorbis: bf7c407c2cedff20999df2af8eb42d56 -> 
========================================================================
Received Prepare
Refreshing native plugins compatible for Editor in 10.38 ms, found 4 plugins.
Preloading 1 native plugins for Editor in 0.81 ms.
Unloading 33 Unused Serialized files (Serialized files now loaded: 0)
Unloading 33 unused Assets / (22.9 KB). Loaded Objects now: 3699.
Memory consumption went from 66.6 MB to 66.5 MB.
Total: 6.117838 ms (FindLiveObjects: 0.417313 ms CreateObjectMapping: 0.371423 ms MarkObjects: 5.285418 ms  DeleteObjects: 0.042090 ms)

AssetImportParameters requested are different than current active one (requested -> active):
  custom:video-decoder-ogg-theora: a1e56fd34408186e4bbccfd4996cb3dc -> 
  custom:container-muxer-webm: aa71ff27fc2769a1b78a27578f13a17b -> 
  custom:container-demuxer-webm: 4f35f7cbe854078d1ac9338744f61a02 -> 
  custom:video-encoder-webm-vp8: eb34c28f22e8b96e1ab97ce403110664 -> 
  custom:framework-osx-AVFoundation: e770b220cccbd017edd2c1fefb359320 -> 
  custom:CustomObjectIndexerAttribute: bc11b3a6c3213fcdd17b65e7da85e133 -> 
  custom:audio-encoder-webm-vorbis: bf7c407c2cedff20999df2af8eb42d56 -> 
  custom:SearchIndexIgnoredProperties: e643bd26f0fe6173181afceb89e7c659 -> 
  custom:container-demuxer-ogg: 62fdf1f143b41e24485cea50d1cbac27 -> 
  custom:video-decoder-webm-vp8: 9c59270c3fd7afecdb556c50c9e8de78 -> 
  custom:audio-decoder-ogg-vorbis: bf7c407c2cedff20999df2af8eb42d56 -> 
